Year,PipeID,Action,PreCondition,PostCondition,Condition_Before,Priority,Cost,Length,Diameter,Material,NewMaterial,Breaks
1,P787,Emergency_Replacement,1.0,6.0,1.0,0.0,39416.924128,49.27115516,6.0,DI,HDPE,0
1,P1127,Emergency_Replacement,1.0,6.0,1.0,0.0,177692.26464,222.1153308,8.0,AC,HDPE,0
1,P1139,Break_Event,1.6853844711502006,1.3853844711502006,1.6853844711502006,0.0,5000.0,254.925162,6.0,CI,,1
1,P1145,Break_Event,2.0528963379545186,1.7528963379545186,2.0528963379545186,0.0,5000.0,697.2017257,6.0,CI,,1
1,P1179,Emergency_Replacement,1.0,6.0,1.0,0.0,633789.17136,792.2364642,10.0,AC,HDPE,0
1,P1189,Break_Event,1.7021923741034493,1.4021923741034492,1.7021923741034493,0.0,5000.0,1110.021747,10.0,AC,,1
1,P1199,Break_Event,2.4822938308259457,2.182293830825946,2.4822938308259457,0.0,5000.0,875.9424045,8.0,AC,,1
1,P1201,Break_Event,1.6577107903531727,1.3577107903531727,1.6577107903531727,0.0,5000.0,599.2737497,8.0,AC,,1
1,P1207,Emergency_Replacement,1.0,6.0,1.0,0.0,75479.707392,94.34963424,6.0,AC,HDPE,0
1,P1223,Break_Event,1.652858516213491,1.0,1.652858516213491,0.0,5000.0,549.3484708,8.0,AC,,1
1,P1223,Emergency_Replacement,1.0,6.0,1.0,0.0,439478.77664,549.3484708,8.0,AC,HDPE,0
1,P1235,Break_Event,1.388906459933857,1.0,1.388906459933857,0.0,5000.0,351.3000337,6.0,AC,,1
1,P1235,Emergency_Replacement,1.0,6.0,1.0,0.0,281040.02696,351.3000337,6.0,AC,HDPE,0
1,P1267,Break_Event,3.7489443063491064,3.4489443063491065,3.7489443063491064,0.0,5000.0,528.5272945,6.0,PVC,,1
1,P1295,Emergency_Replacement,1.0,6.0,1.0,0.0,72929.079816,91.16134977,1.5,GI,HDPE,0
1,P1305,Emergency_Replacement,1.0,6.0,1.0,0.0,297897.48960000003,372.371862,6.0,CI,HDPE,0
1,P1323,Break_Event,1.6535412465500108,1.0,1.6535412465500108,0.0,5000.0,214.5075515,6.0,AC,,1
1,P1323,Emergency_Replacement,1.0,6.0,1.0,0.0,171606.0412,214.5075515,6.0,AC,HDPE,0
1,P1489,Emergency_Replacement,1.0,6.0,1.0,0.0,25648.555888,32.06069486,6.0,DI,HDPE,0
1,P1547,Break_Event,1.4377639264818967,1.0,1.4377639264818967,0.0,5000.0,295.0592761,2.0,GI,,1
1,P1547,Emergency_Replacement,1.0,6.0,1.0,0.0,236047.42088,295.0592761,2.0,GI,HDPE,0
1,P1553,Emergency_Replacement,1.0,6.0,1.0,0.0,118360.52471999999,147.9506559,2.0,GI,HDPE,0
1,P1127,Break_Event,1.6630355551647082,1.0,1.6630355551647082,0.0,5000.0,222.1153308,8.0,AC,,1
1,P1107,Break_Event,2.037379188365328,1.7373791883653278,2.037379188365328,0.0,5000.0,81.99473576,6.0,CI,,1
1,P1137,Emergency_Replacement,1.0,6.0,1.0,0.0,22158.560304,27.69820038,6.0,CI,HDPE,0
1,P1091,Break_Event,1.6735593869243608,1.3735593869243607,1.6735593869243608,0.0,5000.0,281.8074916,6.0,AC,,1
1,P855,Emergency_Replacement,1.0,6.0,1.0,0.0,35964.374568,44.95546821,6.0,DI,HDPE,0
1,P861,Emergency_Replacement,1.0,6.0,1.0,0.0,21675.723063999998,27.09465383,6.0,DI,HDPE,0
1,P929,Emergency_Replacement,1.0,6.0,1.0,0.0,17020.35112,21.2754389,6.0,DI,HDPE,0
1,P941,Emergency_Replacement,1.0,6.0,1.0,0.0,36111.310864,45.13913858,6.0,DI,HDPE,0
1,P979,Break_Event,1.423064294905186,1.0,1.423064294905186,0.0,10000.0,1160.569745,2.0,GI,,2
1,P979,Emergency_Replacement,1.0,6.0,1.0,0.0,928455.796,1160.569745,2.0,GI,HDPE,0
1,P989,Emergency_Replacement,1.0,6.0,1.0,0.0,175380.62192,219.2257774,6.0,CI,HDPE,0
1,P999,Break_Event,2.459374401166121,2.1593744011661213,2.459374401166121,0.0,5000.0,746.6383456,6.0,PVC,,1
1,P1105,Emergency_Replacement,1.0,6.0,1.0,0.0,193031.61032,241.2895129,6.0,CI,HDPE,0
1,P1013,Emergency_Replacement,1.0,6.0,1.0,0.0,402171.94096,502.7149262,6.0,AC,HDPE,0
1,P1025,Emergency_Replacement,1.0,6.0,1.0,0.0,125504.90504,156.8811313,6.0,AC,HDPE,0
1,P1009,Emergency_Replacement,1.0,6.0,1.0,0.0,363903.0256,454.878782,6.0,DI,HDPE,0
1,P1033,Emergency_Replacement,1.0,6.0,1.0,0.0,274066.71976,342.5833997,6.0,AC,HDPE,0
1,P1089,Emergency_Replacement,1.0,6.0,1.0,0.0,275052.47216,343.8155902,6.0,AC,HDPE,0
1,P1031,Emergency_Replacement,1.0,6.0,1.0,0.0,412950.64576000004,516.1883072,6.0,AC,HDPE,0
1,P1069,Emergency_Replacement,1.0,6.0,1.0,0.0,31214.519544000002,39.01814943,6.0,CI,HDPE,0
1,P1067,Emergency_Replacement,1.0,6.0,1.0,0.0,501533.78488,626.9172311,6.0,CI,HDPE,0
1,P1077,Emergency_Replacement,1.0,6.0,1.0,0.0,19744.319976,24.68039997,8.0,CI,HDPE,0
1,P1061,Emergency_Replacement,1.0,6.0,1.0,0.0,424338.23543999996,530.4227943,6.0,CI,HDPE,0
1,P1061,Break_Event,1.6513581246140643,1.0,1.6513581246140643,0.0,5000.0,530.4227943,6.0,CI,,1
1,P1041,Emergency_Replacement,1.0,6.0,1.0,0.0,21339.141576,26.67392697,6.0,AC,HDPE,0
1,P1035,Emergency_Replacement,1.0,6.0,1.0,0.0,33193.788056,41.49223507,6.0,AC,HDPE,0
1,P1065,Break_Event,1.5958623388967808,1.2958623388967807,1.5958623388967808,0.0,5000.0,157.0467164,6.0,CI,,1
2,P1297,Break_Event,1.3486304402438418,1.0,1.3486304402438418,0.0,10000.0,1702.058368,1.5,GI,,2
2,P1535,Break_Event,5.05888491501562,4.75888491501562,5.05888491501562,0.0,5000.0,5347.609294,6.0,DI,,1
2,P1515,Break_Event,3.3147101286189447,2.7147101286189446,3.3147101286189447,0.0,10000.0,2548.44656,6.0,DI,,2
2,P1503,Break_Event,4.994539818116099,4.694539818116099,4.994539818116099,0.0,5000.0,1047.162738,6.0,DI,,1
2,P1483,Break_Event,2.0435538888496,1.7435538888495998,2.0435538888496,0.0,5000.0,339.374716,6.0,DI,,1
2,P1411,Break_Event,4.996050353700115,4.696050353700115,4.996050353700115,0.0,5000.0,563.6466089,6.0,DI,,1
2,P1297,Emergency_Replacement,1.0,6.0,1.0,0.0,1361646.6944,1702.058368,1.5,GI,HDPE,0
2,P1241,Break_Event,1.4830862135604117,1.1830862135604117,1.4830862135604117,0.0,5000.0,328.9021417,6.0,AC,,1
2,P1101,Emergency_Replacement,1.0,6.0,1.0,0.0,106290.31928,132.8628991,6.0,AC,HDPE,0
2,P1201,Break_Event,1.2876967230939893,1.0,1.2876967230939893,0.0,5000.0,599.2737497,8.0,AC,,1
2,P1199,Break_Event,2.0970611595529998,1.7970611595529997,2.0970611595529998,0.0,5000.0,875.9424045,8.0,AC,,1
2,P1171,Break_Event,1.600601809528543,1.300601809528543,1.600601809528543,0.0,5000.0,669.5070049,6.0,AC,,1
2,P1151,Break_Event,1.597820052953895,1.297820052953895,1.597820052953895,0.0,5000.0,240.2653862,6.0,AC,,1
2,P1201,Emergency_Replacement,1.0,6.0,1.0,0.0,479418.99976000004,599.2737497,8.0,AC,HDPE,0
2,P1101,Break_Event,1.2600281777259492,1.0,1.2600281777259492,0.0,5000.0,132.8628991,6.0,AC,,1
2,P1095,Break_Event,1.6056146897551073,1.3056146897551073,1.6056146897551073,0.0,5000.0,310.3178009,6.0,AC,,1
2,P1073,Break_Event,1.6388943080519327,1.3388943080519327,1.6388943080519327,0.0,5000.0,143.7324379,6.0,CI,,1
3,P1517,Break_Event,3.33694374347029,3.03694374347029,3.33694374347029,0.0,5000.0,4148.842081,6.0,DI,,1
3,P1241,Emergency_Replacement,1.0,6.0,1.0,0.0,263121.71336,328.9021417,6.0,AC,HDPE,0
3,P1241,Break_Event,1.0898039326818252,1.0,1.0898039326818252,0.0,5000.0,328.9021417,6.0,AC,,1
3,P1231,Break_Event,1.3924545246001645,1.0924545246001645,1.3924545246001645,0.0,5000.0,800.7973484,6.0,AC,,1
3,P1205,Emergency_Replacement,1.0,6.0,1.0,0.0,26828.650456000003,33.53581307,6.0,AC,HDPE,0
3,P1205,Break_Event,1.5754431994600642,1.0,1.5754431994600642,0.0,5000.0,33.53581307,6.0,AC,,1
3,P1171,Break_Event,1.2446142927136088,1.0,1.2446142927136088,0.0,5000.0,669.5070049,6.0,AC,,1
3,P1045,Break_Event,2.1210128700362216,1.8210128700362216,2.1210128700362216,0.0,5000.0,641.0,6.0,Default,,1
3,P1039,Break_Event,1.3195414552442135,1.0195414552442135,1.3195414552442135,0.0,5000.0,390.2528129,6.0,AC,,1
3,P1029,Emergency_Replacement,1.0,6.0,1.0,0.0,421520.16439999995,526.9002055,6.0,AC,HDPE,0
3,P1029,Break_Event,1.2920636574570137,1.0,1.2920636574570137,0.0,5000.0,526.9002055,6.0,AC,,1
3,P1171,Emergency_Replacement,1.0,6.0,1.0,0.0,535605.60392,669.5070049,6.0,AC,HDPE,0
4,P1193,Break_Event,1.4377826844484014,1.1377826844484014,1.4377826844484014,0.0,5000.0,401.9278884,10.0,AC,,1
4,P1543,Break_Event,1.103981872747806,1.0,1.103981872747806,0.0,5000.0,433.9023649,2.0,GI,,1
4,P1395,Break_Event,4.5187851159855645,4.218785115985565,4.5187851159855645,0.0,5000.0,910.8566616,6.0,DI,,1
4,P1391,Break_Event,4.744694690393653,4.4446946903936535,4.744694690393653,0.0,5000.0,889.7215058,6.0,DI,,1
4,P1543,Emergency_Replacement,1.0,6.0,1.0,0.0,347121.89192,433.9023649,2.0,GI,HDPE,0
4,P1293,Emergency_Replacement,1.0,6.0,1.0,0.0,271474.04424,339.3425553,1.5,GI,HDPE,0
4,P1293,Break_Event,1.0580845667472474,1.0,1.0580845667472474,0.0,5000.0,339.3425553,1.5,GI,,1
4,P1209,Break_Event,1.5772095343743018,1.2772095343743017,1.5772095343743018,0.0,5000.0,324.6950887,6.0,AC,,1
4,P1189,Emergency_Replacement,1.0,6.0,1.0,0.0,888017.3976,1110.021747,10.0,AC,HDPE,0
4,P1047,Emergency_Replacement,1.0,6.0,1.0,0.0,302612.20352,378.2652544,6.0,AC,HDPE,0
4,P1183,Break_Event,1.575758005960292,1.275758005960292,1.575758005960292,0.0,5000.0,551.1132222,10.0,AC,,1
4,P1149,Emergency_Replacement,1.0,6.0,1.0,0.0,389851.82192,487.3147774,6.0,AC,HDPE,0
4,P1149,Break_Event,1.105830914930811,1.0,1.105830914930811,0.0,5000.0,487.3147774,6.0,AC,,1
4,P1099,Emergency_Replacement,1.0,6.0,1.0,0.0,380597.37712,475.7467214,6.0,AC,HDPE,0
4,P1099,Break_Event,1.273186733627785,1.0,1.273186733627785,0.0,5000.0,475.7467214,6.0,AC,,1
4,P1047,Break_Event,1.27129347814975,1.0,1.27129347814975,0.0,5000.0,378.2652544,6.0,AC,,1
4,P1027,Break_Event,1.5239074821751966,1.2239074821751965,1.5239074821751966,0.0,5000.0,450.3187218,6.0,AC,,1
4,P1039,Emergency_Replacement,1.0,6.0,1.0,0.0,312202.25032,390.2528129,6.0,AC,HDPE,0
4,P1189,Break_Event,1.2951682578682637,1.0,1.2951682578682637,0.0,10000.0,1110.021747,10.0,AC,,2
5,P1287,Break_Event,1.066316341384511,1.0,1.066316341384511,0.0,5000.0,341.4388884,3.0,GI,,1
5,P1287,Emergency_Replacement,1.0,6.0,1.0,0.0,273151.11072,341.4388884,3.0,GI,HDPE,0
5,P1391,Break_Event,4.345571529367557,4.045571529367558,4.345571529367557,0.0,5000.0,889.7215058,6.0,DI,,1
5,P1243,Break_Event,1.459768711724915,1.159768711724915,1.459768711724915,0.0,5000.0,111.168265,6.0,AC,,1
5,P1457,Break_Event,3.163167095974247,2.863167095974247,3.163167095974247,0.0,5000.0,2327.229652,6.0,DI,,1
5,P1517,Break_Event,2.937465828115769,2.637465828115769,2.937465828115769,0.0,5000.0,4148.842081,6.0,DI,,1
5,P1533,Break_Event,3.0004034958276615,2.7004034958276617,3.0004034958276615,0.0,5000.0,178.6956353,6.0,DI,,1
5,P1441,Break_Event,3.2075932852155793,2.9075932852155795,3.2075932852155793,0.0,5000.0,295.6924926,6.0,DI,,1
5,P1161,Emergency_Replacement,1.0,6.0,1.0,0.0,148555.81736,185.6947717,1.5,GI,HDPE,0
5,P1027,Break_Event,1.182667409652341,1.0,1.182667409652341,0.0,5000.0,450.3187218,6.0,AC,,1
5,P1155,Emergency_Replacement,1.0,6.0,1.0,0.0,504835.74504,631.0446813,6.0,AC,HDPE,0
5,P1155,Break_Event,1.2051048243328444,1.0,1.2051048243328444,0.0,5000.0,631.0446813,6.0,AC,,1
5,P1027,Emergency_Replacement,1.0,6.0,1.0,0.0,360254.97744,450.3187218,6.0,AC,HDPE,0
5,P1161,Break_Event,1.1676980975842102,1.0,1.1676980975842102,0.0,5000.0,185.6947717,1.5,GI,,1
5,P1023,Break_Event,1.4914482669062405,1.1914482669062405,1.4914482669062405,0.0,5000.0,369.6396248,6.0,AC,,1
5,P1231,Emergency_Replacement,1.0,6.0,1.0,0.0,640637.87872,800.7973484,6.0,AC,HDPE,0
5,P1065,Emergency_Replacement,1.0,6.0,1.0,0.0,125637.37312,157.0467164,6.0,CI,HDPE,0
5,P981,Emergency_Replacement,1.0,6.0,1.0,0.0,23291.770303999998,29.11471288,2.0,GI,HDPE,0
6,P1537,Break_Event,4.742419845719147,4.442419845719147,4.742419845719147,0.0,5000.0,439.0536021,2.0,PVC,,1
6,P1527,Break_Event,3.0040390705416975,2.7040390705416977,3.0040390705416975,0.0,5000.0,1513.802818,6.0,DI,,1
6,P1517,Break_Event,2.593909856907869,2.2939098569078693,2.593909856907869,0.0,5000.0,4148.842081,6.0,DI,,1
6,P1487,Break_Event,2.317996877608155,2.017996877608155,2.317996877608155,0.0,5000.0,630.8574088,6.0,DI,,1
6,P1337,Break_Event,4.520898075836513,4.220898075836513,4.520898075836513,0.0,5000.0,920.0333158,6.0,DI,,1
6,P1187,Emergency_Replacement,1.0,6.0,1.0,0.0,558038.11712,697.5476464,10.0,AC,HDPE,0
6,P1187,Break_Event,1.2070235869305346,1.0,1.2070235869305346,0.0,5000.0,697.5476464,10.0,AC,,1
6,P1183,Emergency_Replacement,1.0,6.0,1.0,0.0,440890.57776,551.1132222,10.0,AC,HDPE,0
6,P1183,Break_Event,1.211328239161403,1.0,1.211328239161403,0.0,5000.0,551.1132222,10.0,AC,,1
6,P1173,Break_Event,1.957410139154717,1.657410139154717,1.957410139154717,0.0,5000.0,81.93880003,10.0,AC,,1
6,P953,Break_Event,3.0470919146836852,2.7470919146836854,3.0470919146836852,0.0,5000.0,473.2761407,6.0,DI,,1
6,P1291,Emergency_Replacement,1.0,6.0,1.0,0.0,27838.328632000004,34.79791079,1.5,GI,HDPE,0
7,P1549,Break_Event,2.769099109649133,2.4690991096491333,2.769099109649133,0.0,5000.0,207.2291682,2.0,GI,,1
7,P1543,Break_Event,5.732493506997661,5.432493506997661,5.732493506997661,0.0,5000.0,433.9023649,2.0,HDPE,,1
7,P1535,Break_Event,4.458319703608938,4.158319703608938,4.458319703608938,0.0,5000.0,5347.609294,6.0,DI,,1
7,P1505,Break_Event,4.366022847190714,4.066022847190714,4.366022847190714,0.0,5000.0,579.1829317,6.0,DI,,1
7,P1411,Break_Event,4.264113625733284,3.964113625733284,4.264113625733284,0.0,5000.0,563.6466089,6.0,DI,,1
7,P1209,Emergency_Replacement,1.0,6.0,1.0,0.0,259756.07095999998,324.6950887,6.0,AC,HDPE,0
7,P1209,Break_Event,1.1825033088315815,1.0,1.1825033088315815,0.0,5000.0,324.6950887,6.0,AC,,1
7,P1141,Emergency_Replacement,1.0,6.0,1.0,0.0,34856.521792,43.57065224,6.0,CI,HDPE,0
7,P837,Break_Event,1.9163062203046917,1.6163062203046916,1.9163062203046917,0.0,5000.0,66.74455036,6.0,DI,,1
7,P1289,Emergency_Replacement,1.0,6.0,1.0,0.0,33981.931616,42.47741452,3.0,GI,HDPE,0
7,P1279,Emergency_Replacement,1.0,6.0,1.0,0.0,365358.69992,456.6983749,2.0,GI,HDPE,0
7,P1239,Emergency_Replacement,1.0,6.0,1.0,0.0,214944.76768,268.6809596,6.0,AC,HDPE,0
7,P1233,Emergency_Replacement,1.0,6.0,1.0,0.0,17376.615792,21.72076974,6.0,AC,HDPE,0
7,P1193,Emergency_Replacement,1.0,6.0,1.0,0.0,321542.31071999995,401.9278884,10.0,AC,HDPE,0
7,P899,Break_Event,4.364516362803567,4.064516362803567,4.364516362803567,0.0,5000.0,53.97092106,6.0,DI,,1
8,P1145,Emergency_Replacement,1.0,6.0,1.0,0.0,557761.38056,697.2017257,6.0,CI,HDPE,0
8,P1531,Break_Event,2.9307475103645215,2.6307475103645217,2.9307475103645215,0.0,5000.0,547.9230252,6.0,DI,,1
8,P1535,Break_Event,4.104413215426787,3.804413215426787,4.104413215426787,0.0,5000.0,5347.609294,6.0,DI,,1
8,P1249,Break_Event,1.464940734717489,1.164940734717489,1.464940734717489,0.0,5000.0,519.2414619,6.0,AC,,1
8,P1221,Emergency_Replacement,1.0,6.0,1.0,0.0,184765.90736,230.9573842,8.0,AC,HDPE,0
8,P1221,Break_Event,1.165690889009118,1.0,1.165690889009118,0.0,5000.0,230.9573842,8.0,AC,,1
8,P1145,Break_Event,1.5280174383607459,1.0,1.5280174383607459,0.0,5000.0,697.2017257,6.0,CI,,1
8,P1325,Break_Event,2.852423282045421,2.5524232820454213,2.852423282045421,0.0,5000.0,493.6419591,6.0,AC,,1
8,P1225,Emergency_Replacement,1.0,6.0,1.0,0.0,187438.40832000002,234.2980104,8.0,AC,HDPE,0
8,P1165,Emergency_Replacement,1.0,6.0,1.0,0.0,442829.82152000006,553.5372769,6.0,AC,HDPE,0
8,P1151,Emergency_Replacement,1.0,6.0,1.0,0.0,192212.30896,240.2653862,6.0,AC,HDPE,0
8,P1135,Emergency_Replacement,1.0,6.0,1.0,0.0,57568.064816000006,71.96008102,8.0,AC,HDPE,0
8,P1131,Emergency_Replacement,1.0,6.0,1.0,0.0,903838.5568,1129.798196,8.0,AC,HDPE,0
8,P1093,Emergency_Replacement,1.0,6.0,1.0,0.0,201654.74296,252.0684287,6.0,AC,HDPE,0
8,P1059,Emergency_Replacement,1.0,6.0,1.0,0.0,73544.361632,91.93045204,6.0,CI,HDPE,0
8,P1545,Emergency_Replacement,1.0,6.0,1.0,0.0,23983.938248000002,29.97992281,2.0,GI,HDPE,0
9,P1533,Break_Event,2.3830687680316025,2.0830687680316027,2.3830687680316025,0.0,5000.0,178.6956353,6.0,DI,,1
9,P1521,Break_Event,2.9518613527831907,2.651861352783191,2.9518613527831907,0.0,5000.0,2366.177441,6.0,DI,,1
9,P1325,Emergency_Replacement,1.0,6.0,1.0,0.0,394913.56728,493.6419591,6.0,AC,HDPE,0
9,P1325,Break_Event,2.391340818598107,1.0,2.391340818598107,0.0,5000.0,493.6419591,6.0,AC,,1
9,P1167,Emergency_Replacement,1.0,6.0,1.0,0.0,55827.715471999996,69.78464434,6.0,AC,HDPE,0
9,P1095,Emergency_Replacement,1.0,6.0,1.0,0.0,248254.24072,310.3178009,6.0,AC,HDPE,0
9,P1091,Emergency_Replacement,1.0,6.0,1.0,0.0,225445.99328,281.8074916,6.0,AC,HDPE,0
9,P1021,Emergency_Replacement,1.0,6.0,1.0,0.0,17228.635503999998,21.53579438,6.0,AC,HDPE,0
9,P977,Emergency_Replacement,1.0,6.0,1.0,0.0,56865.723512,71.08215439,2.0,GI,HDPE,0
9,P1097,Emergency_Replacement,1.0,6.0,1.0,0.0,54258.413024,67.82301628,6.0,AC,HDPE,0
10,P1521,Break_Event,2.6014960324921295,2.3014960324921296,2.6014960324921295,0.0,5000.0,2366.177441,6.0,DI,,1
10,P1483,Break_Event,1.3349382838426336,1.0349382838426335,1.3349382838426336,0.0,5000.0,339.374716,6.0,DI,,1
10,P1307,Break_Event,3.168439629121397,2.868439629121397,3.168439629121397,0.0,5000.0,422.5950389,2.0,PVC,,1
10,P1249,Emergency_Replacement,1.0,6.0,1.0,0.0,415393.16952,519.2414619,6.0,AC,HDPE,0
10,P1249,Break_Event,1.1146364336957426,1.0,1.1146364336957426,0.0,5000.0,519.2414619,6.0,AC,,1
10,P1199,Emergency_Replacement,1.0,6.0,1.0,0.0,700753.9236,875.9424045,8.0,AC,HDPE,0
10,P1247,Break_Event,1.5285580843569935,1.2285580843569934,1.5285580843569935,0.0,5000.0,65.31920986,6.0,AC,,1
10,P1013,Break_Event,4.904752659931372,4.604752659931372,4.904752659931372,0.0,5000.0,502.7149262,6.0,HDPE,,1
10,P851,Break_Event,1.8138863578046953,1.5138863578046953,1.8138863578046953,0.0,5000.0,35.02226299,6.0,DI,,1
10,P1243,Emergency_Replacement,1.0,6.0,1.0,0.0,88934.61200000001,111.168265,6.0,AC,HDPE,0
10,P1219,Emergency_Replacement,1.0,6.0,1.0,0.0,243566.22584000003,304.4577823,6.0,AC,HDPE,0
10,P1211,Emergency_Replacement,1.0,6.0,1.0,0.0,228621.33936,285.7766742,6.0,AC,HDPE,0
10,P1017,Emergency_Replacement,1.0,6.0,1.0,0.0,229706.93216,287.1336652,6.0,CI,HDPE,0
10,P1199,Break_Event,1.306609558359495,1.0,1.306609558359495,0.0,5000.0,875.9424045,8.0,AC,,1
11,P1529,Break_Event,2.6864561297810567,2.386456129781057,2.6864561297810567,0.0,5000.0,846.7260223,6.0,DI,,1
11,P1367,Break_Event,4.14559316121202,3.8455931612120198,4.14559316121202,0.0,5000.0,404.668168,6.0,DI,,1
11,P1345,Break_Event,2.710097637993568,2.410097637993568,2.710097637993568,0.0,5000.0,822.0028751,6.0,DI,,1
11,P1313,Break_Event,1.3670445012002483,1.0670445012002483,1.3670445012002483,0.0,5000.0,125.4573384,6.0,CI,,1
11,P1245,Emergency_Replacement,1.0,6.0,1.0,0.0,209422.06304,261.7775788,6.0,AC,HDPE,0
11,P1245,Break_Event,1.124504602650549,1.0,1.124504602650549,0.0,5000.0,261.7775788,6.0,AC,,1
11,P803,Break_Event,2.065140624250805,1.7651406242508048,2.065140624250805,0.0,5000.0,169.1278993,6.0,DI,,1
11,P1483,Emergency_Replacement,1.0009622042192938,6.0,1.0009622042192938,0.0,271499.7728,339.374716,6.0,DI,HDPE,0
11,P1275,Emergency_Replacement,1.0,6.0,1.0,0.0,27357.060872,34.19632609,2.0,GI,HDPE,0
11,P1227,Emergency_Replacement,1.0,6.0,1.0,0.0,23062.73092,28.82841365,8.0,AC,HDPE,0
11,P1153,Emergency_Replacement,1.0,6.0,1.0,0.0,27056.999944,33.82124993,6.0,AC,HDPE,0
11,P1103,Emergency_Replacement,1.0,6.0,1.0,0.0,17947.3052,22.4341315,6.0,AC,HDPE,0
11,P1087,Emergency_Replacement,1.0,6.0,1.0,0.0,13842.518272000001,17.30314784,8.0,CI,HDPE,0
11,P1023,Emergency_Replacement,1.0,6.0,1.0,0.0,295711.69983999996,369.6396248,6.0,AC,HDPE,0
11,P1005,Emergency_Replacement,1.0,6.0,1.0,0.0,8728.760384000001,10.91095048,6.0,AC,HDPE,0
11,P1237,Emergency_Replacement,1.0,6.0,1.0,0.0,112187.14967999999,140.2339371,6.0,AC,HDPE,0
12,P1037,Emergency_Replacement,1.0,6.0,1.0,0.0,381303.23856,476.6290482,6.0,AC,HDPE,0
12,P1517,Break_Event,2.0757955452683694,1.7757955452683694,2.0757955452683694,0.0,5000.0,4148.842081,6.0,DI,,1
12,P1197,Emergency_Replacement,1.0,6.0,1.0,0.0,256223.21287999998,320.2790161,8.0,AC,HDPE,0
12,P1197,Break_Event,1.0893108220595873,1.0,1.0893108220595873,0.0,5000.0,320.2790161,8.0,AC,,1
12,P1061,Break_Event,4.9594885972890985,4.659488597289099,4.9594885972890985,0.0,5000.0,530.4227943,6.0,HDPE,,1
12,P1037,Break_Event,1.0331537741851133,1.0,1.0331537741851133,0.0,5000.0,476.6290482,6.0,AC,,1
12,P1163,Emergency_Replacement,1.0,6.0,1.0,0.0,25890.440456,32.36305057,6.0,AC,HDPE,0
12,P951,Break_Event,1.8741764037134452,1.5741764037134451,1.8741764037134452,0.0,5000.0,325.0990207,6.0,DI,,1
12,P1085,Emergency_Replacement,1.0,6.0,1.0,0.0,39337.795064,49.17224383,8.0,CI,HDPE,0
12,P985,Break_Event,2.99010939421886,2.6901093942188603,2.99010939421886,0.0,5000.0,1773.483782,12.0,PVC,,1
12,P1175,Emergency_Replacement,1.0,6.0,1.0,0.0,76961.62257600001,96.20202822,10.0,AC,HDPE,0
12,P1309,Emergency_Replacement,1.0,6.0,1.0,0.0,20182.402568,25.22800321,8.0,CI,HDPE,0
13,P1521,Break_Event,2.172837719856104,1.872837719856104,2.172837719856104,0.0,5000.0,2366.177441,6.0,DI,,1
13,P1449,Break_Event,2.287912496968172,1.9879124969681718,2.287912496968172,0.0,5000.0,516.1322743,6.0,DI,,1
13,P1051,Emergency_Replacement,1.0,6.0,1.0,0.0,229873.44488,287.3418061,6.0,CI,HDPE,0
13,P1051,Break_Event,1.0611382287719473,1.0,1.0611382287719473,0.0,5000.0,287.3418061,6.0,CI,,1
13,P1277,Emergency_Replacement,1.0,6.0,1.0,0.0,173310.67352,216.6383419,2.0,GI,HDPE,0
13,P1199,Break_Event,5.682940667907604,5.382940667907604,5.682940667907604,0.0,5000.0,875.9424045,8.0,HDPE,,1
13,P1169,Emergency_Replacement,1.0,6.0,1.0,0.0,25644.468224000004,32.05558528,6.0,AC,HDPE,0
13,P1139,Emergency_Replacement,1.0,6.0,1.0,0.0,203940.1296,254.925162,6.0,CI,HDPE,0
13,P1081,Emergency_Replacement,1.0,6.0,1.0,0.0,111635.39152,139.5442394,8.0,CI,HDPE,0
13,P1073,Emergency_Replacement,1.0,6.0,1.0,0.0,114985.95032,143.7324379,6.0,CI,HDPE,0
13,P1011,Emergency_Replacement,1.0,6.0,1.0,0.0,10874.583672,13.59322959,6.0,AC,HDPE,0
13,P1213,Emergency_Replacement,1.0,6.0,1.0,0.0,58478.16352,73.0977044,6.0,AC,HDPE,0
14,P1019,Emergency_Replacement,1.000583015666649,6.0,1.000583015666649,0.0,19848.395408,24.81049426,6.0,CI,HDPE,0
14,P1129,Emergency_Replacement,1.0,6.0,1.0,0.0,53754.644872,67.19330609,8.0,AC,HDPE,0
14,P1229,Emergency_Replacement,1.0,6.0,1.0,0.0,28521.795048,35.65224381,6.0,AC,HDPE,0
14,P1313,Emergency_Replacement,1.0001955193112249,6.0,1.0001955193112249,0.0,100365.87071999999,125.4573384,6.0,CI,HDPE,0
14,P1235,Break_Event,4.64261518938914,4.34261518938914,4.64261518938914,0.0,5000.0,351.3000337,6.0,HDPE,,1
14,P1343,Break_Event,2.295002084413229,1.995002084413229,2.295002084413229,0.0,5000.0,1378.99118,6.0,DI,,1
15,P947,Emergency_Replacement,1.0,6.0,1.0,0.0,40583.914248,50.72989281,6.0,DI,HDPE,0
15,P1375,Break_Event,1.3942790218798178,1.0942790218798177,1.3942790218798178,0.0,5000.0,161.6861837,6.0,DI,,1
15,P1347,Break_Event,3.80890011290211,3.50890011290211,3.80890011290211,0.0,5000.0,1363.41445,6.0,DI,,1
15,P1285,Break_Event,1.6154806089638956,1.3154806089638955,1.6154806089638956,0.0,5000.0,964.168669,6.0,PVC,,1
15,P947,Break_Event,1.5615181596276957,1.0,1.5615181596276957,0.0,5000.0,50.72989281,6.0,DI,,1
15,P1083,Emergency_Replacement,1.0,6.0,1.0,0.0,160709.77016,200.8872127,8.0,CI,HDPE,0
15,P1071,Emergency_Replacement,1.0,6.0,1.0,0.0,23593.422408000002,29.49177801,6.0,CI,HDPE,0
15,P853,Emergency_Replacement,1.0,6.0,1.0,0.0,4358.2210192,5.447776274,6.0,DI,HDPE,0
15,P1125,Emergency_Replacement,1.0,6.0,1.0,0.0,21543.347232,26.92918404,8.0,AC,HDPE,0
16,P1015,Emergency_Replacement,1.0,6.0,1.0,0.0,86863.94592,108.5799324,6.0,CI,HDPE,0
16,P1147,Emergency_Replacement,1.0,6.0,1.0,0.0,21509.710584,26.88713823,6.0,AC,HDPE,0
16,P1215,Emergency_Replacement,1.0,6.0,1.0,0.0,36336.148864,45.42018608,2.0,AC,HDPE,0
16,P1487,Break_Event,1.6675221610209485,1.3675221610209485,1.6675221610209485,0.0,5000.0,630.8574088,6.0,DI,,1
16,P1517,Break_Event,1.6613652191294428,1.3613652191294427,1.6613652191294428,0.0,5000.0,4148.842081,6.0,DI,,1
17,P1157,Emergency_Replacement,1.0,6.0,1.0,0.0,165580.8408,206.976051,6.0,AC,HDPE,0
17,P1535,Break_Event,3.382879220431657,2.782879220431657,3.382879220431657,0.0,10000.0,5347.609294,6.0,DI,,2
17,P1521,Break_Event,1.7345609414529777,1.4345609414529776,1.7345609414529777,0.0,5000.0,2366.177441,6.0,DI,,1
17,P1353,Break_Event,3.3696783258818406,3.0696783258818408,3.3696783258818406,0.0,5000.0,1946.253818,6.0,DI,,1
17,P1157,Break_Event,1.0070215277243364,1.0,1.0070215277243364,0.0,5000.0,206.976051,6.0,AC,,1
17,P1537,Break_Event,3.6154737096024623,3.3154737096024625,3.6154737096024623,0.0,5000.0,439.0536021,2.0,PVC,,1
17,P1003,Break_Event,1.689236803120677,1.389236803120677,1.689236803120677,0.0,5000.0,373.2880444,6.0,PVC,,1
17,P1315,Emergency_Replacement,1.0,6.0,1.0,0.0,137970.95712,172.4636964,8.0,DI,HDPE,0
17,P1173,Emergency_Replacement,1.0,6.0,1.0,0.0,65551.040024,81.93880003,10.0,AC,HDPE,0
17,P1133,Emergency_Replacement,1.0,6.0,1.0,0.0,316547.53816,395.6844227,8.0,AC,HDPE,0
17,P1063,Emergency_Replacement,1.0,6.0,1.0,0.0,25649.79912,32.0622489,6.0,CI,HDPE,0
17,P1079,Break_Event,1.3067621437317798,1.0067621437317797,1.3067621437317798,0.0,5000.0,231.0736001,8.0,CI,,1
18,P1521,Emergency_Replacement,1.0,6.0,1.0,0.0,1892941.9527999999,2366.177441,6.0,DI,HDPE,0
18,P1433,Break_Event,1.761874632556962,1.461874632556962,1.761874632556962,0.0,5000.0,707.8097568,6.0,DI,,1
18,P1521,Break_Event,1.4073151274071205,1.0,1.4073151274071205,0.0,5000.0,2366.177441,6.0,DI,,1
18,P1355,Break_Event,3.893941992088996,3.5939419920889963,3.893941992088996,0.0,5000.0,1343.53617,6.0,DI,,1
18,P1079,Emergency_Replacement,1.0,6.0,1.0,0.0,184858.88008,231.0736001,8.0,CI,HDPE,0
18,P1375,Emergency_Replacement,1.0,6.0,1.0,0.0,129348.94695999999,161.6861837,6.0,DI,HDPE,0
18,P1185,Emergency_Replacement,1.0,6.0,1.0,0.0,20769.476008,25.96184501,10.0,AC,HDPE,0
18,P1143,Emergency_Replacement,1.0,6.0,1.0,0.0,14989.998608,18.73749826,6.0,CI,HDPE,0
18,P985,Break_Event,2.382046407623963,2.082046407623963,2.382046407623963,0.0,5000.0,1773.483782,12.0,PVC,,1
19,P1535,Break_Event,2.7111950339739392,2.4111950339739394,2.7111950339739392,0.0,5000.0,5347.609294,6.0,DI,,1
19,P1517,Emergency_Replacement,1.0,6.0,1.0,0.0,3319073.6648,4148.842081,6.0,DI,HDPE,0
19,P1517,Break_Event,1.2950268262711613,1.0,1.2950268262711613,0.0,10000.0,4148.842081,6.0,DI,,2
19,P1301,Break_Event,1.8131733420279612,1.5131733420279612,1.8131733420279612,0.0,5000.0,953.2464122,6.0,PVC,,1
19,P1131,Break_Event,4.8699879108860555,4.569987910886056,4.8699879108860555,0.0,5000.0,1129.798196,8.0,HDPE,,1
19,P1095,Break_Event,5.132918189989219,4.832918189989219,5.132918189989219,0.0,5000.0,310.3178009,6.0,HDPE,,1
19,P1549,CIP_Replacement,1.016872104913254,6.0,1.016872104913254,1912.977658837108,49735.000368,207.2291682,2.0,GI,HDPE,0
19,P1045,Emergency_Replacement,1.0,6.0,1.0,0.0,512800.0,641.0,6.0,Default,HDPE,0
19,P1045,Break_Event,1.1612663165153367,1.0,1.1612663165153367,0.0,5000.0,641.0,6.0,Default,,1
19,P1303,Emergency_Replacement,1.0,6.0,1.0,0.0,24564.206759999997,30.70525845,6.0,CI,HDPE,0
19,P1195,Emergency_Replacement,1.0,6.0,1.0,0.0,24448.592360000002,30.56074045,8.0,AC,HDPE,0
19,P1049,Emergency_Replacement,1.0,6.0,1.0,0.0,17733.739632,22.16717454,6.0,CI,HDPE,0
19,P1081,Break_Event,5.3137568946704326,5.013756894670433,5.3137568946704326,0.0,5000.0,139.5442394,8.0,HDPE,,1
20,P1347,Break_Event,3.1645216228462516,2.864521622846252,3.1645216228462516,0.0,5000.0,1363.41445,6.0,DI,,1
20,P911,Break_Event,2.6908303963589053,2.3908303963589055,2.6908303963589053,0.0,5000.0,29.96011365,6.0,DI,,1
20,P1355,Break_Event,3.480825839652795,3.1808258396527953,3.480825839652795,0.0,5000.0,1343.53617,6.0,DI,,1
20,P1217,Emergency_Replacement,1.0,6.0,1.0,0.0,34653.737328,43.31717166,6.0,AC,HDPE,0
20,P1109,Emergency_Replacement,1.0,6.0,1.0,0.0,23031.924351999998,28.78990544,6.0,CI,HDPE,0
20,P819,Break_Event,1.3701746559750168,1.0701746559750167,1.3701746559750168,0.0,5000.0,94.0185402,6.0,DI,,1
21,P1535,Emergency_Replacement,1.0,6.0,1.0,0.0,4278087.4352,5347.609294,6.0,DI,HDPE,0
21,P1535,Break_Event,2.3490850605578095,1.0,2.3490850605578095,0.0,5000.0,5347.609294,6.0,DI,,1
21,P1515,Break_Event,1.5850060129647476,1.2850060129647476,1.5850060129647476,0.0,5000.0,2548.44656,6.0,DI,,1
21,P1487,Emergency_Replacement,1.0,6.0,1.0,0.0,504685.92704000004,630.8574088,6.0,DI,HDPE,0
21,P1487,Break_Event,1.2431110734356077,1.0,1.2431110734356077,0.0,5000.0,630.8574088,6.0,DI,,1
21,P1447,Break_Event,1.8047785018598963,1.5047785018598963,1.8047785018598963,0.0,5000.0,679.975015,6.0,DI,,1
21,P1411,Break_Event,3.025624032074513,2.725624032074513,3.025624032074513,0.0,5000.0,563.6466089,6.0,DI,,1
21,P1435,Break_Event,2.394465613700538,2.094465613700538,2.394465613700538,0.0,5000.0,178.9961566,6.0,DI,,1
21,P1311,Break_Event,1.3567765229772037,1.0567765229772037,1.3567765229772037,0.0,5000.0,180.0,8.0,Default,,1
21,P1257,Break_Event,2.9254130420144544,2.6254130420144546,2.9254130420144544,0.0,5000.0,1193.727467,6.0,PVC,,1
21,P1551,Emergency_Replacement,1.0,6.0,1.0,0.0,14809.729136000002,18.51216142,2.0,GI,HDPE,0
21,P1159,Emergency_Replacement,1.0,6.0,1.0,0.0,24757.536615999998,30.94692077,6.0,AC,HDPE,0
21,P1007,Emergency_Replacement,1.0,6.0,1.0,0.0,67799.180272,84.74897534,6.0,DI,HDPE,0
21,P859,Emergency_Replacement,1.0,6.0,1.0,0.0,34357.743208,42.94717901,6.0,DI,HDPE,0
21,P1343,Break_Event,1.6136617713345163,1.3136617713345162,1.6136617713345163,0.0,5000.0,1378.99118,6.0,DI,,1
21,P1197,Break_Event,4.911147782108852,4.611147782108852,4.911147782108852,0.0,5000.0,320.2790161,8.0,HDPE,,1
22,P1481,Break_Event,1.1974764246500127,1.0,1.1974764246500127,0.0,5000.0,482.2034507,6.0,DI,,1
22,P1519,Break_Event,1.6871269305097543,1.3871269305097542,1.6871269305097543,0.0,5000.0,403.303961,6.0,DI,,1
22,P1493,Break_Event,3.3530038633606947,3.053003863360695,3.3530038633606947,0.0,5000.0,1053.340851,6.0,DI,,1
22,P1481,Emergency_Replacement,1.0,6.0,1.0,0.0,385762.76056,482.2034507,6.0,DI,HDPE,0
22,P1457,Break_Event,2.014233105462133,1.7142331054621331,2.014233105462133,0.0,5000.0,2327.229652,6.0,DI,,1
22,P1343,Break_Event,1.2744476848752115,1.0,1.2744476848752115,0.0,5000.0,1378.99118,6.0,DI,,1
22,P1171,Break_Event,4.471073394761967,4.171073394761967,4.471073394761967,0.0,5000.0,669.5070049,6.0,HDPE,,1
22,P1107,Emergency_Replacement,1.0,6.0,1.0,0.0,65595.788608,81.99473576,6.0,CI,HDPE,0
22,P1055,Emergency_Replacement,1.0,6.0,1.0,0.0,40513.049328,50.64131166,6.0,CI,HDPE,0
22,P1343,Emergency_Replacement,1.0,6.0,1.0,0.0,1103192.944,1378.99118,6.0,DI,HDPE,0
23,P819,Emergency_Replacement,1.0,6.0,1.0,0.0,75214.83216,94.0185402,6.0,DI,HDPE,0
23,P1191,Emergency_Replacement,1.0,6.0,1.0,0.0,228287.39176,285.3592397,10.0,AC,HDPE,0
23,P989,Break_Event,4.13095849944659,3.8309584994465906,4.13095849944659,0.0,5000.0,219.2257774,6.0,HDPE,,1
23,P1203,Break_Event,1.2337027267853804,1.0,1.2337027267853804,0.0,5000.0,616.7831577,8.0,AC,,1
23,P1203,Emergency_Replacement,1.0,6.0,1.0,0.0,493426.52615999995,616.7831577,8.0,AC,HDPE,0
23,P1377,Break_Event,2.1543569642819103,1.8543569642819102,2.1543569642819103,0.0,5000.0,927.2119055,6.0,DI,,1
24,P1457,Break_Event,1.6447535154250938,1.3447535154250938,1.6447535154250938,0.0,5000.0,2327.229652,6.0,DI,,1
24,P857,Emergency_Replacement,1.0,6.0,1.0,0.0,19931.573087999997,24.91446636,6.0,DI,HDPE,0
24,P1411,Break_Event,2.572311528052706,2.272311528052706,2.572311528052706,0.0,5000.0,563.6466089,6.0,DI,,1
25,P835,Emergency_Replacement,1.0,6.0,1.0,0.0,99633.95104,124.5424388,6.0,DI,HDPE,0
25,P839,Emergency_Replacement,1.0,6.0,1.0,0.0,38256.659872000004,47.82082484,6.0,DI,HDPE,0
25,P1285,Emergency_Replacement,1.0,6.0,1.0,0.0,771334.9352000001,964.168669,6.0,PVC,HDPE,0
25,P1311,Emergency_Replacement,1.0,6.0,1.0,0.0,144000.0,180.0,8.0,Default,HDPE,0
25,P1319,Emergency_Replacement,1.0,6.0,1.0,0.0,31649.125687999996,39.56140711,6.0,AC,HDPE,0
25,P1457,Break_Event,1.317219529101378,1.0,1.317219529101378,0.0,5000.0,2327.229652,6.0,DI,,1
25,P1457,Emergency_Replacement,1.0,6.0,1.0,0.0,1861783.7216,2327.229652,6.0,DI,HDPE,0
25,P1463,Break_Event,2.0223549968920858,1.7223549968920857,2.0223549968920858,0.0,5000.0,316.4482271,6.0,DI,,1
25,P1521,Break_Event,5.304807033512139,5.004807033512139,5.304807033512139,0.0,5000.0,2366.177441,6.0,HDPE,,1
26,P1535,Break_Event,5.512234568697209,5.212234568697209,5.512234568697209,0.0,5000.0,5347.609294,6.0,HDPE,,1
26,P1513,Break_Event,2.0383923246820648,1.7383923246820647,2.0383923246820648,0.0,5000.0,603.0410659,6.0,DI,,1
26,P1449,Emergency_Replacement,1.0,6.0,1.0,0.0,412905.81943999993,516.1322743,6.0,DI,HDPE,0
26,P1247,Emergency_Replacement,1.0,6.0,1.0,0.0,52255.367888,65.31920986,6.0,AC,HDPE,0
26,P1445,Break_Event,1.7918342933637281,1.491834293363728,1.7918342933637281,0.0,5000.0,675.1336867,6.0,DI,,1
26,P1431,Break_Event,1.3491450046924673,1.0491450046924673,1.3491450046924673,0.0,5000.0,87.37139658,6.0,DI,,1
26,P1449,Break_Event,1.2965578631401296,1.0,1.2965578631401296,0.0,5000.0,516.1322743,6.0,DI,,1
27,P1515,Break_Event,1.0841952812617865,1.0,1.0841952812617865,0.0,5000.0,2548.44656,6.0,DI,,1
27,P1445,Break_Event,1.4537828811713018,1.1537828811713018,1.4537828811713018,0.0,5000.0,675.1336867,6.0,DI,,1
27,P1433,Emergency_Replacement,1.0,6.0,1.0,0.0,566247.8054399999,707.8097568,6.0,DI,HDPE,0
27,P1433,Break_Event,1.2036121006444318,1.0,1.2036121006444318,0.0,5000.0,707.8097568,6.0,DI,,1
27,P1515,Emergency_Replacement,1.0,6.0,1.0,0.0,2038757.248,2548.44656,6.0,DI,HDPE,0
27,P1017,Break_Event,4.4053904761874065,4.105390476187407,4.4053904761874065,0.0,5000.0,287.1336652,6.0,HDPE,,1
27,P1541,Emergency_Replacement,1.0,6.0,1.0,0.0,157658.23776,197.0727972,6.0,DI,HDPE,0
27,P1321,Emergency_Replacement,1.0,6.0,1.0,0.0,298548.02728,373.1850341,6.0,AC,HDPE,0
27,P987,Emergency_Replacement,1.0,6.0,1.0,0.0,12725.706791999999,15.90713349,6.0,CI,HDPE,0
27,P1345,Break_Event,1.655916813586851,1.355916813586851,1.655916813586851,0.0,5000.0,822.0028751,6.0,DI,,1
27,P1503,Break_Event,2.8868987872949625,2.5868987872949627,2.8868987872949625,0.0,5000.0,1047.162738,6.0,DI,,1
28,P1431,Emergency_Replacement,1.0,6.0,1.0,0.0,69897.117264,87.37139658,6.0,DI,HDPE,0
28,P1131,Break_Event,3.852730755747484,3.552730755747484,3.852730755747484,0.0,5000.0,1129.798196,8.0,HDPE,,1
28,P1177,Break_Event,1.2459825396163644,1.0,1.2459825396163644,0.0,5000.0,301.4871907,10.0,AC,,1
28,P1177,Emergency_Replacement,1.0,6.0,1.0,0.0,241189.75256,301.4871907,10.0,AC,HDPE,0
28,P1301,Break_Event,1.2981313955457026,1.0,1.2981313955457026,0.0,5000.0,953.2464122,6.0,PVC,,1
28,P1301,Emergency_Replacement,1.0,6.0,1.0,0.0,762597.12976,953.2464122,6.0,PVC,HDPE,0
28,P1529,Break_Event,1.5801173295811122,1.2801173295811121,1.5801173295811122,0.0,5000.0,846.7260223,6.0,DI,,1
29,P1411,Emergency_Replacement,1.0,6.0,1.0,0.0,450917.28712000005,563.6466089,6.0,DI,HDPE,0
29,P1411,Break_Event,2.063307209013611,1.0,2.063307209013611,0.0,5000.0,563.6466089,6.0,DI,,1
29,P1551,Break_Event,5.06492427895467,4.76492427895467,5.06492427895467,0.0,5000.0,18.51216142,2.0,HDPE,,1
29,P1493,Break_Event,2.6563624683571874,2.3563624683571875,2.6563624683571874,0.0,5000.0,1053.340851,6.0,DI,,1
29,P1357,Break_Event,2.4191579185196366,2.1191579185196368,2.4191579185196366,0.0,5000.0,751.3696781,6.0,DI,,1
29,P865,Emergency_Replacement,1.0,6.0,1.0,0.0,10347.937,12.93492125,6.0,DI,HDPE,0
29,P1479,Emergency_Replacement,1.0,6.0,1.0,0.0,18130.303448000002,22.66287931,6.0,DI,HDPE,0
29,P1349,Emergency_Replacement,1.0,6.0,1.0,0.0,28986.631232000003,36.23328904,6.0,DI,HDPE,0
29,P1075,Emergency_Replacement,1.0,6.0,1.0,0.0,64352.52187999999,80.44065235,6.0,CI,HDPE,0
29,P951,Emergency_Replacement,1.0,6.0,1.0,0.0,260079.21655999997,325.0990207,6.0,DI,HDPE,0
29,P805,Emergency_Replacement,1.0,6.0,1.0,0.0,11315.245536,14.14405692,6.0,DI,HDPE,0
29,P1337,Break_Event,2.481860800974786,2.181860800974786,2.481860800974786,0.0,5000.0,920.0333158,6.0,DI,,1
30,P795,Emergency_Replacement,1.0,6.0,1.0,0.0,24208.837231999998,30.26104654,6.0,DI,HDPE,0
30,P847,Emergency_Replacement,1.0,6.0,1.0,0.0,50635.011128000006,63.29376391,6.0,DI,HDPE,0
30,P863,Emergency_Replacement,1.0,6.0,1.0,0.0,37401.24316,46.75155395,6.0,DI,HDPE,0
30,P1355,Break_Event,2.7107910708534453,2.110791070853445,2.7107910708534453,0.0,10000.0,1343.53617,6.0,DI,,2
30,P1417,Break_Event,2.907197645585211,2.6071976455852113,2.907197645585211,0.0,5000.0,357.905995,6.0,DI,,1
31,P1505,Emergency_Replacement,1.0,6.0,1.0,0.0,463346.34536000004,579.1829317,6.0,DI,HDPE,0
31,P1505,Break_Event,2.243831189276749,1.0,2.243831189276749,0.0,5000.0,579.1829317,6.0,DI,,1
31,P1429,Break_Event,1.719148054960538,1.419148054960538,1.719148054960538,0.0,5000.0,153.6994018,6.0,DI,,1
31,P889,Emergency_Replacement,1.0,6.0,1.0,0.0,16290.249792,20.36281224,6.0,DI,HDPE,0
31,P1057,Emergency_Replacement,1.0,6.0,1.0,0.0,23675.22712,29.5940339,6.0,CI,HDPE,0
31,P891,Emergency_Replacement,1.0,6.0,1.0,0.0,13519.240384,16.89905048,6.0,DI,HDPE,0
31,P845,Emergency_Replacement,1.0,6.0,1.0,0.0,55715.977256,69.64497157,6.0,DI,HDPE,0
31,P1285,Break_Event,5.3912449320220155,5.091244932022016,5.3912449320220155,0.0,5000.0,964.168669,6.0,HDPE,,1
32,P1527,Break_Event,1.3810512247000184,1.0810512247000184,1.3810512247000184,0.0,5000.0,1513.802818,6.0,DI,,1
32,P1355,Emergency_Replacement,1.0,6.0,1.0,0.0,1074828.936,1343.53617,6.0,DI,HDPE,0
32,P1355,Break_Event,2.0443557847366405,1.0,2.0443557847366405,0.0,5000.0,1343.53617,6.0,DI,,1
32,P1305,Break_Event,3.439307898459504,3.139307898459504,3.439307898459504,0.0,5000.0,372.371862,6.0,HDPE,,1
32,P1519,Emergency_Replacement,1.0,6.0,1.0,0.0,322643.1688,403.303961,6.0,DI,HDPE,0
32,P817,Break_Event,1.136700367930519,1.0,1.136700367930519,0.0,5000.0,36.33539881,6.0,DI,,1
32,P1003,Emergency_Replacement,1.0,6.0,1.0,0.0,298630.43552,373.2880444,6.0,PVC,HDPE,0
32,P945,Emergency_Replacement,1.0,6.0,1.0,0.0,3637.1473647999997,4.546434206,6.0,DI,HDPE,0
32,P801,Emergency_Replacement,1.0,6.0,1.0,0.0,19184.18792,23.9802349,6.0,DI,HDPE,0
32,P817,Emergency_Replacement,1.0,6.0,1.0,0.0,29068.319048,36.33539881,6.0,DI,HDPE,0
33,P953,Break_Event,1.4576616148924475,1.1576616148924475,1.4576616148924475,0.0,5000.0,473.2761407,6.0,DI,,1
33,P1559,Emergency_Replacement,1.0,6.0,1.0,0.0,36805.828480000004,46.0072856,6.0,DI,HDPE,0
33,P1533,Emergency_Replacement,1.0,6.0,1.0,0.0,142956.50824,178.6956353,6.0,DI,HDPE,0
33,P1445,Emergency_Replacement,1.0,6.0,1.0,0.0,540106.94936,675.1336867,6.0,DI,HDPE,0
33,P871,Emergency_Replacement,1.0,6.0,1.0,0.0,688.4583832,0.860572979,6.0,DI,HDPE,0
33,P851,Emergency_Replacement,1.0,6.0,1.0,0.0,28017.810392,35.02226299,6.0,DI,HDPE,0
33,P837,Emergency_Replacement,1.0,6.0,1.0,0.0,53395.640288,66.74455036,6.0,DI,HDPE,0
33,P815,Emergency_Replacement,1.0,6.0,1.0,0.0,4851.4839504,6.064354938,6.0,DI,HDPE,0
33,P1373,Emergency_Replacement,1.0,6.0,1.0,0.0,130797.73656,163.4971707,6.0,DI,HDPE,0
34,P1321,Break_Event,5.2216470864638165,4.921647086463817,5.2216470864638165,0.0,5000.0,373.1850341,6.0,HDPE,,1
34,P1473,Break_Event,1.535875418815315,1.235875418815315,1.535875418815315,0.0,5000.0,251.7074669,6.0,DI,,1
34,P1353,Break_Event,1.99201642461571,1.69201642461571,1.99201642461571,0.0,5000.0,1946.253818,6.0,DI,,1
34,P1337,Break_Event,1.9439748353688109,1.6439748353688108,1.9439748353688109,0.0,5000.0,920.0333158,6.0,DI,,1
34,P1119,Break_Event,1.8289081388509993,1.5289081388509993,1.8289081388509993,0.0,5000.0,204.6458904,8.0,PVC,,1
34,P827,Emergency_Replacement,1.0,6.0,1.0,0.0,13248.915152000001,16.56114394,6.0,DI,HDPE,0
34,P999,Break_Event,1.1623359029641571,1.0,1.1623359029641571,0.0,5000.0,746.6383456,6.0,PVC,,1
34,P1447,Emergency_Replacement,1.0,6.0,1.0,0.0,543980.012,679.975015,6.0,DI,HDPE,0
34,P1327,Emergency_Replacement,1.0,6.0,1.0,0.0,710357.76856,887.9472107,6.0,DI,HDPE,0
34,P967,Emergency_Replacement,1.0,6.0,1.0,0.0,32419.394544,40.52424318,6.0,DI,HDPE,0
34,P843,Emergency_Replacement,1.0,6.0,1.0,0.0,59383.847432,74.22980929,6.0,DI,HDPE,0
34,P999,Emergency_Replacement,1.0,6.0,1.0,0.0,597310.67648,746.6383456,6.0,PVC,HDPE,0
35,P1527,Break_Event,6.0,5.7,6.0,0.0,5000.0,1513.802818,6.0,HDPE,,1
35,P1451,Emergency_Replacement,1.0,6.0,1.0,0.0,468692.62295999995,585.8657787,6.0,DI,HDPE,0
35,P1451,Break_Event,1.0980224302586286,1.0,1.0980224302586286,0.0,5000.0,585.8657787,6.0,DI,,1
35,P1297,Break_Event,3.773108789802586,3.4731087898025863,3.773108789802586,0.0,5000.0,1702.058368,1.5,HDPE,,1
35,P1527,Emergency_Replacement,1.000406894268045,6.0,1.000406894268045,0.0,1211042.2544,1513.802818,6.0,DI,HDPE,0
35,P931,Break_Event,1.338471414005626,1.038471414005626,1.338471414005626,0.0,5000.0,13.35876466,6.0,DI,,1
35,P935,Emergency_Replacement,1.0,6.0,1.0,0.0,270138.17176,337.6727147,6.0,DI,HDPE,0
35,P879,Emergency_Replacement,1.0,6.0,1.0,0.0,4523.12386,5.653904825,6.0,DI,HDPE,0
35,P867,Emergency_Replacement,1.0,6.0,1.0,0.0,26368.228440000003,32.96028555,6.0,DI,HDPE,0
35,P831,Emergency_Replacement,1.0,6.0,1.0,0.0,10710.623576,13.38827947,6.0,DI,HDPE,0
35,P797,Emergency_Replacement,1.0,6.0,1.0,0.0,23040.450144,28.80056268,6.0,DI,HDPE,0
35,P1181,Emergency_Replacement,1.0,6.0,1.0,0.0,24950.685272000002,31.18835659,10.0,AC,HDPE,0
36,P833,Emergency_Replacement,1.0,6.0,1.0,0.0,10999.283872,13.74910484,6.0,DI,HDPE,0
36,P1333,Emergency_Replacement,1.0,6.0,1.0,0.0,103522.73,129.4034125,6.0,DI,HDPE,0
36,P1371,Emergency_Replacement,1.0,6.0,1.0,0.0,30333.912312,37.91739039,6.0,DI,HDPE,0
36,P1387,Emergency_Replacement,1.0005119517385845,6.0,1.0005119517385845,0.0,18331.362112,22.91420264,6.0,DI,HDPE,0
36,P1403,Emergency_Replacement,1.0,6.0,1.0,0.0,590080.47008,737.6005876,6.0,DI,HDPE,0
37,P1445,Break_Event,5.5477901568939165,5.247790156893917,5.5477901568939165,0.0,5000.0,675.1336867,6.0,HDPE,,1
37,P965,Emergency_Replacement,1.0,6.0,1.0,0.0,33190.437232,41.48804654,6.0,DI,HDPE,0
37,P825,Emergency_Replacement,1.0,6.0,1.0,0.0,39236.437392,49.04554674,6.0,DI,HDPE,0
37,P931,Emergency_Replacement,1.0,6.0,1.0,0.0,10687.011728,13.35876466,6.0,DI,HDPE,0
37,P877,Emergency_Replacement,1.0,6.0,1.0,0.0,668.1274239999999,0.83515928,6.0,DI,HDPE,0
37,P949,Emergency_Replacement,1.0,6.0,1.0,0.0,52834.667751999994,66.04333469,6.0,DI,HDPE,0
38,P1495,Break_Event,2.0290639078442885,1.7290639078442884,2.0290639078442885,0.0,5000.0,754.2106641,6.0,DI,,1
38,P1493,Break_Event,1.9703051917044714,1.6703051917044713,1.9703051917044714,0.0,5000.0,1053.340851,6.0,DI,,1
38,P1395,Emergency_Replacement,1.0,6.0,1.0,0.0,728685.3292800001,910.8566616,6.0,DI,HDPE,0
38,P1395,Break_Event,1.2944056187057469,1.0,1.2944056187057469,0.0,5000.0,910.8566616,6.0,DI,,1
38,P1297,Break_Event,3.329695935261593,3.0296959352615933,3.329695935261593,0.0,5000.0,1702.058368,1.5,HDPE,,1
38,P1201,Break_Event,2.785631705562926,2.485631705562926,2.785631705562926,0.0,5000.0,599.2737497,8.0,HDPE,,1
38,P1381,Emergency_Replacement,1.0003055279167417,6.0,1.0003055279167417,0.0,155385.89224,194.2323653,6.0,DI,HDPE,0
38,P1317,Emergency_Replacement,1.0002011303328093,6.0,1.0002011303328093,0.0,108452.49088,135.5656136,6.0,DI,HDPE,0
38,P983,Emergency_Replacement,1.0,6.0,1.0,0.0,133124.65672,166.4058209,6.0,DI,HDPE,0
38,P973,Emergency_Replacement,1.0,6.0,1.0,0.0,64961.221256,81.20152657,6.0,DI,HDPE,0
38,P927,Emergency_Replacement,1.0,6.0,1.0,0.0,22039.81484,27.54976855,6.0,DI,HDPE,0
38,P807,Emergency_Replacement,1.0,6.0,1.0,0.0,18685.044968,23.35630621,6.0,DI,HDPE,0
38,P1509,Emergency_Replacement,1.0,6.0,1.0,0.0,86437.4236,108.0467795,6.0,DI,HDPE,0
39,P1529,Emergency_Replacement,1.0,6.0,1.0,0.0,677380.8178399999,846.7260223,6.0,DI,HDPE,0
39,P1503,Break_Event,2.048433794736313,1.7484337947363129,2.048433794736313,0.0,5000.0,1047.162738,6.0,DI,,1
39,P1155,Break_Event,3.461885099044525,3.1618850990445253,3.461885099044525,0.0,5000.0,631.0446813,6.0,HDPE,,1
39,P915,Emergency_Replacement,1.0,6.0,1.0,0.0,49510.992824,61.88874103,6.0,DI,HDPE,0
39,P1271,Emergency_Replacement,1.0,6.0,1.0,0.0,25326.609376,31.65826172,6.0,PVC,HDPE,0
39,P789,Emergency_Replacement,1.0,6.0,1.0,0.0,30032.85376,37.5410672,6.0,DI,HDPE,0
39,P829,Emergency_Replacement,1.0,6.0,1.0,0.0,8033.403767999999,10.04175471,6.0,DI,HDPE,0
39,P803,Emergency_Replacement,1.0,6.0,1.0,0.0,135302.31944,169.1278993,6.0,DI,HDPE,0
39,P799,Emergency_Replacement,1.0,6.0,1.0,0.0,23748.874232,29.68609279,6.0,DI,HDPE,0
39,P897,Emergency_Replacement,1.0,6.0,1.0,0.0,38051.473536,47.56434192,6.0,DI,HDPE,0
40,P1557,Emergency_Replacement,1.0,6.0,1.0,0.0,574648.07024,718.3100878,6.0,DI,HDPE,0
40,P1557,Break_Event,1.1169818847183488,1.0,1.1169818847183488,0.0,5000.0,718.3100878,6.0,DI,,1
40,P1353,Break_Event,1.4525203919890728,1.1525203919890727,1.4525203919890728,0.0,5000.0,1946.253818,6.0,DI,,1
40,P1347,Break_Event,1.8949613359101236,1.5949613359101236,1.8949613359101236,0.0,5000.0,1363.41445,6.0,DI,,1
40,P1259,Break_Event,1.8470964582618643,1.5470964582618643,1.8470964582618643,0.0,5000.0,967.531738,6.0,PVC,,1
40,P1249,Break_Event,3.2755518186293955,2.9755518186293957,3.2755518186293955,0.0,5000.0,519.2414619,6.0,HDPE,,1
40,P1485,Emergency_Replacement,1.0,6.0,1.0,0.0,27975.966247999997,34.96995781,6.0,DI,HDPE,0
40,P1437,Emergency_Replacement,1.0,6.0,1.0,0.0,31857.661392,39.82207674,6.0,DI,HDPE,0
40,P1345,Emergency_Replacement,1.0,6.0,1.0,0.0,657602.30008,822.0028751,6.0,DI,HDPE,0
40,P1331,Emergency_Replacement,1.0,6.0,1.0,0.0,267746.23232,334.6827904,6.0,DI,HDPE,0
40,P953,Emergency_Replacement,1.0,6.0,1.0,0.0,378620.91255999997,473.2761407,6.0,DI,HDPE,0
40,P881,Emergency_Replacement,1.0,6.0,1.0,0.0,4849.7086184,6.062135773,6.0,DI,HDPE,0
40,P821,Emergency_Replacement,1.0,6.0,1.0,0.0,72737.59015199999,90.92198769,6.0,DI,HDPE,0
40,P1497,Emergency_Replacement,1.0,6.0,1.0,0.0,20560.818128,25.70102266,6.0,DI,HDPE,0
41,P1067,Break_Event,3.404263955771887,3.104263955771887,3.404263955771887,0.0,5000.0,626.9172311,6.0,HDPE,,1
41,P963,Break_Event,1.06997223144997,1.0,1.06997223144997,0.0,5000.0,325.8193617,6.0,DI,,1
41,P1331,Break_Event,5.901782401929856,5.6017824019298565,5.901782401929856,0.0,5000.0,334.6827904,6.0,HDPE,,1
41,P963,Emergency_Replacement,1.0,6.0,1.0,0.0,260655.48936,325.8193617,6.0,DI,HDPE,0
41,P1273,Emergency_Replacement,1.0002743129048253,6.0,1.0002743129048253,0.0,340695.92600000004,425.8699075,2.0,PVC,HDPE,0
41,P841,Emergency_Replacement,1.000807279676885,6.0,1.000807279676885,0.0,45566.270008,56.95783751,6.0,DI,HDPE,0
41,P835,Break_Event,4.4725647076839055,4.172564707683906,4.4725647076839055,0.0,5000.0,124.5424388,6.0,HDPE,,1
42,P1357,Break_Event,1.5047327710783547,1.2047327710783546,1.5047327710783547,0.0,5000.0,751.3696781,6.0,DI,,1
42,P1171,Break_Event,3.0604497383378364,2.7604497383378366,3.0604497383378364,0.0,5000.0,669.5070049,6.0,HDPE,,1
42,P901,Break_Event,2.5062005652099426,2.206200565209943,2.5062005652099426,0.0,5000.0,137.879927,6.0,DI,,1
42,P1503,Break_Event,1.6493385730095427,1.3493385730095426,1.6493385730095427,0.0,5000.0,1047.162738,6.0,DI,,1
42,P1513,Emergency_Replacement,1.0,6.0,1.0,0.0,482432.85272,603.0410659,6.0,DI,HDPE,0
42,P1435,Emergency_Replacement,1.0,6.0,1.0,0.0,143196.92528,178.9961566,6.0,DI,HDPE,0
42,P895,Emergency_Replacement,1.0,6.0,1.0,0.0,48005.44304,60.0068038,6.0,DI,HDPE,0
42,P875,Emergency_Replacement,1.0,6.0,1.0,0.0,10833.977392,13.54247174,6.0,DI,HDPE,0
42,P1555,Emergency_Replacement,1.0,6.0,1.0,0.0,13327.453968,16.65931746,6.0,DI,HDPE,0
43,P791,Emergency_Replacement,1.0,6.0,1.0,0.0,17637.346824,22.04668353,6.0,DI,HDPE,0
43,P813,Emergency_Replacement,1.0,6.0,1.0,0.0,34872.3952,43.590494,6.0,DI,HDPE,0
43,P1467,Emergency_Replacement,1.0,6.0,1.0,0.0,94200.57048,117.7507131,6.0,DI,HDPE,0
43,P1473,Emergency_Replacement,1.0,6.0,1.0,0.0,201365.97352,251.7074669,6.0,DI,HDPE,0
43,P1439,Break_Event,1.8817074359506574,1.5817074359506573,1.8817074359506574,0.0,5000.0,325.1732085,6.0,DI,,1
44,P943,Emergency_Replacement,1.0,6.0,1.0,0.0,36017.555951999995,45.02194494,6.0,DI,HDPE,0
44,P1301,Break_Event,4.559304470142361,4.259304470142361,4.559304470142361,0.0,5000.0,953.2464122,6.0,HDPE,,1
44,P1347,Break_Event,1.4684521832185686,1.1684521832185686,1.4684521832185686,0.0,5000.0,1363.41445,6.0,DI,,1
44,P1503,Break_Event,1.297860509023259,1.0,1.297860509023259,0.0,5000.0,1047.162738,6.0,DI,,1
44,P1503,Emergency_Replacement,1.0,6.0,1.0,0.0,837730.1904,1047.162738,6.0,DI,HDPE,0
44,P1523,Break_Event,1.3068030285216148,1.0068030285216147,1.3068030285216148,0.0,5000.0,554.1915288,6.0,DI,,1
45,P1209,Break_Event,3.1415052945102375,2.8415052945102377,3.1415052945102375,0.0,5000.0,324.6950887,6.0,HDPE,,1
45,P1245,Break_Event,3.4387594165895123,3.1387594165895125,3.4387594165895123,0.0,5000.0,261.7775788,6.0,HDPE,,1
45,P907,Break_Event,2.825691110129952,2.5256911101299524,2.825691110129952,0.0,5000.0,130.1747675,6.0,DI,,1
45,P1523,Emergency_Replacement,1.0,6.0,1.0,0.0,443353.22304,554.1915288,6.0,DI,HDPE,0
45,P1329,Emergency_Replacement,1.0,6.0,1.0,0.0,46476.746071999994,58.09593259,6.0,DI,HDPE,0
45,P873,Emergency_Replacement,1.0,6.0,1.0,0.0,1497.4105488,1.871763186,6.0,DI,HDPE,0
45,P811,Emergency_Replacement,1.0,6.0,1.0,0.0,51315.782752,64.14472844,6.0,DI,HDPE,0
46,P1495,Break_Event,1.4187203520411433,1.0,1.4187203520411433,0.0,5000.0,754.2106641,6.0,DI,,1
46,P1165,Break_Event,2.6616131899225834,2.3616131899225836,2.6616131899225834,0.0,5000.0,553.5372769,6.0,HDPE,,1
46,P979,Break_Event,2.9776861905338183,2.6776861905338185,2.9776861905338183,0.0,5000.0,1160.569745,2.0,HDPE,,1
46,P1495,Emergency_Replacement,1.0,6.0,1.0,0.0,603368.53128,754.2106641,6.0,DI,HDPE,0
46,P1353,Emergency_Replacement,1.0,6.0,1.0,0.0,1557003.0544,1946.253818,6.0,DI,HDPE,0
46,P1261,Emergency_Replacement,1.0,6.0,1.0,0.0,26646.433144000002,33.30804143,6.0,PVC,HDPE,0
46,P933,Emergency_Replacement,1.0,6.0,1.0,0.0,42094.863456,52.61857932,6.0,DI,HDPE,0
46,P885,Emergency_Replacement,1.0,6.0,1.0,0.0,10960.774632,13.70096829,6.0,DI,HDPE,0
46,P917,Break_Event,2.063595439793136,1.763595439793136,2.063595439793136,0.0,5000.0,67.53553793,6.0,DI,,1
47,P793,Emergency_Replacement,1.0,6.0,1.0,0.0,20421.584288,25.52698036,6.0,DI,HDPE,0
47,P887,Emergency_Replacement,1.0,6.0,1.0,0.0,2618.4740256,3.273092532,6.0,DI,HDPE,0
47,P911,Emergency_Replacement,1.0,6.0,1.0,0.0,23968.09092,29.96011365,6.0,DI,HDPE,0
47,P1053,Emergency_Replacement,1.0,6.0,1.0,0.0,70208.571216,87.76071402,6.0,CI,HDPE,0
47,P1363,Emergency_Replacement,1.0,6.0,1.0,0.0,114400.07904,143.0000988,6.0,DI,HDPE,0
47,P1429,Emergency_Replacement,1.0,6.0,1.0,0.0,122959.52144,153.6994018,6.0,DI,HDPE,0
47,P1465,Emergency_Replacement,1.0,6.0,1.0,0.0,354353.9552,442.942444,6.0,DI,HDPE,0
47,P1469,Emergency_Replacement,1.0,6.0,1.0,0.0,176920.09496000002,221.1501187,6.0,DI,HDPE,0
47,P969,Break_Event,1.3612993742946344,1.0612993742946344,1.3612993742946344,0.0,5000.0,25.76319811,6.0,DI,,1
48,P1161,Break_Event,3.0550541528702078,2.755054152870208,3.0550541528702078,0.0,5000.0,185.6947717,1.5,HDPE,,1
48,P1443,Emergency_Replacement,1.0005255927326038,6.0,1.0005255927326038,0.0,61406.63293600001,76.75829117,6.0,DI,HDPE,0
48,P1335,Emergency_Replacement,1.0,6.0,1.0,0.0,196842.75736,246.0534467,6.0,DI,HDPE,0
48,P1399,Emergency_Replacement,1.0,6.0,1.0,0.0,19674.248528,24.59281066,6.0,DI,HDPE,0
48,P1407,Emergency_Replacement,1.0,6.0,1.0,0.0,7348.3398896,9.185424862,6.0,DI,HDPE,0
49,P1397,Emergency_Replacement,1.0,6.0,1.0,0.0,397246.54408,496.5581801,6.0,DI,HDPE,0
49,P1075,Break_Event,3.7880865285417893,3.4880865285417895,3.7880865285417893,0.0,5000.0,80.44065235,6.0,HDPE,,1
49,P1435,Break_Event,5.181028355113094,4.881028355113094,5.181028355113094,0.0,5000.0,178.9961566,6.0,HDPE,,1
50,P1421,Break_Event,1.5810637459393406,1.2810637459393406,1.5810637459393406,0.0,5000.0,1055.905539,6.0,DI,,1
50,P1337,Emergency_Replacement,1.0,6.0,1.0,0.0,736026.65264,920.0333158,6.0,DI,HDPE,0
50,P1337,Break_Event,1.1362101946811818,1.0,1.1362101946811818,0.0,5000.0,920.0333158,6.0,DI,,1
50,P1463,Emergency_Replacement,1.0,6.0,1.0,0.0,253158.58168,316.4482271,6.0,DI,HDPE,0
50,P1561,Emergency_Replacement,1.0,6.0,1.0,0.0,10485.448855999999,13.10681107,6.0,DI,HDPE,0
50,P1357,Emergency_Replacement,1.0,6.0,1.0,0.0,601095.74248,751.3696781,6.0,DI,HDPE,0
50,P993,Emergency_Replacement,1.0,6.0,1.0,0.0,37650.678832,47.06334854,6.0,PVC,HDPE,0
50,P969,Emergency_Replacement,1.0,6.0,1.0,0.0,20610.558488000002,25.76319811,6.0,DI,HDPE,0
50,P869,Emergency_Replacement,1.0,6.0,1.0,0.0,20020.363904,25.02545488,6.0,DI,HDPE,0
50,P849,Emergency_Replacement,1.0,6.0,1.0,0.0,16256.550032000001,20.32068754,6.0,DI,HDPE,0
50,P1427,Emergency_Replacement,1.0,6.0,1.0,0.0,247850.40840000001,309.8130105,6.0,DI,HDPE,0
51,P1359,Emergency_Replacement,1.0,6.0,1.0,0.0,116938.37512,146.1729689,6.0,DI,HDPE,0
51,P1453,Emergency_Replacement,1.0,6.0,1.0,0.0,97793.2988,122.2416235,6.0,DI,HDPE,0
51,P1221,Break_Event,2.239294366542007,1.939294366542007,2.239294366542007,0.0,5000.0,230.9573842,8.0,HDPE,,1
51,P1353,Break_Event,5.403338936533424,5.103338936533424,5.403338936533424,0.0,5000.0,1946.253818,6.0,HDPE,,1
51,P1389,Break_Event,1.9526284507311729,1.6526284507311728,1.9526284507311729,0.0,5000.0,188.7507407,6.0,DI,,1
52,P953,Break_Event,5.067891697876243,4.767891697876244,5.067891697876243,0.0,5000.0,473.2761407,6.0,HDPE,,1
52,P1411,Break_Event,3.976572836653208,3.676572836653208,3.976572836653208,0.0,5000.0,563.6466089,6.0,HDPE,,1
52,P821,Break_Event,4.535703462869617,4.235703462869617,4.535703462869617,0.0,5000.0,90.92198769,6.0,HDPE,,1
52,P1531,Emergency_Replacement,1.0,6.0,1.0,0.0,438338.42016,547.9230252,6.0,DI,HDPE,0
52,P1347,Emergency_Replacement,1.0,6.0,1.0,0.0,1090731.56,1363.41445,6.0,DI,HDPE,0
52,P937,Emergency_Replacement,1.0,6.0,1.0,0.0,78844.415176,98.55551897,6.0,DI,HDPE,0
52,P823,Emergency_Replacement,1.0,6.0,1.0,0.0,22830.556728,28.53819591,6.0,DI,HDPE,0
53,P1535,Break_Event,3.2974386799022732,2.9974386799022734,3.2974386799022732,0.0,5000.0,5347.609294,6.0,HDPE,,1
53,P1441,Emergency_Replacement,1.0,6.0,1.0,0.0,236553.99407999997,295.6924926,6.0,DI,HDPE,0
53,P1421,Emergency_Replacement,1.0,6.0,1.0,0.0,844724.4312000001,1055.905539,6.0,DI,HDPE,0
53,P1421,Break_Event,1.1928460583896652,1.0,1.1928460583896652,0.0,5000.0,1055.905539,6.0,DI,,1
53,P1353,Break_Event,4.893941761088946,4.593941761088947,4.893941761088946,0.0,5000.0,1946.253818,6.0,HDPE,,1
53,P1441,Break_Event,1.2314735642184476,1.0,1.2314735642184476,0.0,5000.0,295.6924926,6.0,DI,,1
53,P975,Emergency_Replacement,1.0,6.0,1.0,0.0,72231.165992,90.28895749,6.0,DI,HDPE,0
53,P975,Break_Event,1.0012885620387821,1.0,1.0012885620387821,0.0,5000.0,90.28895749,6.0,DI,,1
53,P1499,Emergency_Replacement,1.0,6.0,1.0,0.0,7840.000000000001,9.8,6.0,Default,HDPE,0
53,P1377,Emergency_Replacement,1.0,6.0,1.0,0.0,741769.5244,927.2119055,6.0,DI,HDPE,0
53,P1255,Emergency_Replacement,1.0,6.0,1.0,0.0,19808.915048,24.76114381,6.0,PVC,HDPE,0
53,P893,Emergency_Replacement,1.0,6.0,1.0,0.0,59882.354768000005,74.85294346,6.0,DI,HDPE,0
53,P1341,Break_Event,2.5835841184606365,2.2835841184606367,2.5835841184606365,0.0,5000.0,507.5686711,6.0,DI,,1
54,P905,Emergency_Replacement,1.0,6.0,1.0,0.0,40431.348328,50.53918541,6.0,DI,HDPE,0
54,P991,Emergency_Replacement,1.0,6.0,1.0,0.0,104019.72936,130.0246617,6.0,PVC,HDPE,0
54,P1119,Emergency_Replacement,1.0,6.0,1.0,0.0,163716.71232000002,204.6458904,8.0,PVC,HDPE,0
54,P1507,Emergency_Replacement,1.0,6.0,1.0,0.0,33258.48468,41.57310585,6.0,DI,HDPE,0
54,P1511,Break_Event,1.0324616062825946,1.0,1.0324616062825946,0.0,5000.0,261.9393925,6.0,DI,,1
54,P1511,Emergency_Replacement,1.0,6.0,1.0,0.0,209551.514,261.9393925,6.0,DI,HDPE,0
54,P1537,Break_Event,1.658263494418625,1.358263494418625,1.658263494418625,0.0,5000.0,439.0536021,2.0,PVC,,1
55,P1537,Break_Event,1.333066488383539,1.033066488383539,1.333066488383539,0.0,5000.0,439.0536021,2.0,PVC,,1
55,P1117,Break_Event,1.3268455938092536,1.0268455938092536,1.3268455938092536,0.0,5000.0,524.0799316,8.0,PVC,,1
55,P985,Emergency_Replacement,1.0,6.0,1.0,0.0,1418787.0256,1773.483782,12.0,PVC,HDPE,0
55,P1283,Emergency_Replacement,1.0,6.0,1.0,0.0,668277.04992,835.3463124,6.0,PVC,HDPE,0
55,P1121,Emergency_Replacement,1.0,6.0,1.0,0.0,584103.77776,730.1297222,8.0,PVC,HDPE,0
55,P1031,Break_Event,2.2445021339138984,1.9445021339138984,2.2445021339138984,0.0,5000.0,516.1883072,6.0,HDPE,,1
56,P955,Emergency_Replacement,1.0,6.0,1.0,0.0,27761.939312,34.70242414,6.0,DI,HDPE,0
56,P959,Emergency_Replacement,1.0,6.0,1.0,0.0,21683.643592,27.10455449,6.0,DI,HDPE,0
56,P1415,Emergency_Replacement,1.0,6.0,1.0,0.0,288345.0288,360.431286,6.0,DI,HDPE,0
56,P1259,Break_Event,1.1576642257623475,1.0,1.1576642257623475,0.0,5000.0,967.531738,6.0,PVC,,1
56,P1259,Emergency_Replacement,1.0,6.0,1.0,0.0,774025.3904,967.531738,6.0,PVC,HDPE,0
57,P1515,Break_Event,3.16194167969684,2.86194167969684,3.16194167969684,0.0,5000.0,2548.44656,6.0,HDPE,,1
57,P1273,Break_Event,4.566244628138023,4.266244628138023,4.566244628138023,0.0,5000.0,425.8699075,2.0,HDPE,,1
57,P1223,Break_Event,2.6799330785952917,2.379933078595292,2.6799330785952917,0.0,5000.0,549.3484708,8.0,HDPE,,1
57,P1471,Emergency_Replacement,1.0,6.0,1.0,0.0,49617.299415999994,62.02162427,6.0,DI,HDPE,0
57,P1537,Emergency_Replacement,1.0,6.0,1.0,0.0,351242.88168,439.0536021,2.0,PVC,HDPE,0
57,P1117,Emergency_Replacement,1.0,6.0,1.0,0.0,419263.94528,524.0799316,8.0,PVC,HDPE,0
57,P971,Emergency_Replacement,1.0,6.0,1.0,0.0,17910.26668,22.38783335,6.0,DI,HDPE,0
57,P999,Break_Event,4.044539856444481,3.744539856444481,4.044539856444481,0.0,5000.0,746.6383456,6.0,HDPE,,1
58,P925,Emergency_Replacement,1.0,6.0,1.0,0.0,8684.43664,10.8555458,6.0,DI,HDPE,0
58,P957,Emergency_Replacement,1.0,6.0,1.0,0.0,34683.470624,43.35433828,6.0,DI,HDPE,0
59,P1525,Break_Event,1.1003484653494293,1.0,1.1003484653494293,0.0,5000.0,378.2238392,6.0,DI,,1
59,P1267,Emergency_Replacement,1.0,6.0,1.0,0.0,422821.83560000005,528.5272945,6.0,PVC,HDPE,0
59,P1525,Emergency_Replacement,1.0,6.0,1.0,0.0,302579.07136,378.2238392,6.0,DI,HDPE,0
59,P1459,Emergency_Replacement,1.0,6.0,1.0,0.0,22949.722095999998,28.68715262,6.0,DI,HDPE,0
59,P1455,Emergency_Replacement,1.0,6.0,1.0,0.0,225700.37456,282.1254682,6.0,DI,HDPE,0
59,P1267,Break_Event,1.2807642141690458,1.0,1.2807642141690458,0.0,5000.0,528.5272945,6.0,PVC,,1
60,P1419,Emergency_Replacement,1.0,6.0,1.0,0.0,145545.24848,181.9315606,6.0,DI,HDPE,0
60,P1341,Break_Event,2.0824579904300005,1.0,2.0824579904300005,0.0,5000.0,507.5686711,6.0,DI,,1
60,P1341,Emergency_Replacement,1.0,6.0,1.0,0.0,406054.93688,507.5686711,6.0,DI,HDPE,0
60,P1539,Break_Event,1.2149608554661355,1.0,1.2149608554661355,0.0,5000.0,823.8513876,6.0,DI,,1
60,P1539,Emergency_Replacement,1.0,6.0,1.0,0.0,659081.11008,823.8513876,6.0,DI,HDPE,0
60,P1549,Break_Event,2.5704428246138473,2.2704428246138475,2.5704428246138473,0.0,5000.0,207.2291682,2.0,HDPE,,1
61,P1263,Emergency_Replacement,1.0,6.0,1.0,0.0,182910.45024,228.6380628,6.0,PVC,HDPE,0
61,P979,Break_Event,2.11999858463776,1.8199985846377598,2.11999858463776,0.0,5000.0,1160.569745,2.0,HDPE,,1
61,P1023,Break_Event,2.2268078173329613,1.9268078173329612,2.2268078173329613,0.0,5000.0,369.6396248,6.0,HDPE,,1
62,P1281,Emergency_Replacement,1.0,6.0,1.0,0.0,318045.92208,397.5574026,2.0,PVC,HDPE,0
62,P1081,Break_Event,2.0995426198204465,1.7995426198204465,2.0995426198204465,0.0,5000.0,139.5442394,8.0,HDPE,,1
62,P1151,Break_Event,2.774210193381029,2.474210193381029,2.774210193381029,0.0,5000.0,240.2653862,6.0,HDPE,,1
63,P1439,Emergency_Replacement,1.0,6.0,1.0,0.0,260138.5668,325.1732085,6.0,DI,HDPE,0
63,P1337,Break_Event,4.720830118913724,4.420830118913724,4.720830118913724,0.0,5000.0,920.0333158,6.0,HDPE,,1
63,P995,Emergency_Replacement,1.0,6.0,1.0,0.0,30612.207936,38.26525992,6.0,PVC,HDPE,0
63,P1379,Emergency_Replacement,1.0,6.0,1.0,0.0,14037.763256,17.54720407,6.0,DI,HDPE,0
64,P1391,Emergency_Replacement,1.0,6.0,1.0,0.0,711777.20464,889.7215058,6.0,DI,HDPE,0
64,P1391,Break_Event,1.069234673257239,1.0,1.069234673257239,0.0,5000.0,889.7215058,6.0,DI,,1
64,P1361,Break_Event,1.496375222121533,1.196375222121533,1.496375222121533,0.0,5000.0,1160.395835,6.0,DI,,1
64,P1533,Break_Event,3.623166636122675,3.323166636122675,3.623166636122675,0.0,5000.0,178.6956353,6.0,HDPE,,1
64,P1265,Emergency_Replacement,1.0,6.0,1.0,0.0,49878.102672,62.34762834,6.0,PVC,HDPE,0
64,P1111,Emergency_Replacement,1.0,6.0,1.0,0.0,26772.772200000003,33.46596525,8.0,PVC,HDPE,0
64,P939,Emergency_Replacement,1.0,6.0,1.0,0.0,62653.59988,78.31699985,6.0,DI,HDPE,0
64,P899,Emergency_Replacement,1.0,6.0,1.0,0.0,43176.736848,53.97092106,6.0,DI,HDPE,0
64,P1493,Emergency_Replacement,1.0,6.0,1.0,0.0,842672.6808,1053.340851,6.0,DI,HDPE,0
65,P1491,Emergency_Replacement,1.0,6.0,1.0,0.0,42147.681008,52.68460126,6.0,DI,HDPE,0
65,P1297,Break_Event,2.072882779294176,1.7728827792941761,2.072882779294176,0.0,5000.0,1702.058368,1.5,HDPE,,1
66,P1339,Emergency_Replacement,1.0,6.0,1.0,0.0,178199.98416000002,222.7499802,6.0,DI,HDPE,0
66,P1131,Break_Event,1.7278250028451532,1.4278250028451531,1.7278250028451532,0.0,5000.0,1129.798196,8.0,HDPE,,1
66,P1259,Break_Event,4.999879293680054,4.699879293680054,4.999879293680054,0.0,5000.0,967.531738,6.0,HDPE,,1
66,P1377,Break_Event,4.908009535905761,4.608009535905762,4.908009535905761,0.0,5000.0,927.2119055,6.0,HDPE,,1
67,P1001,CIP_Replacement,1.0023916532627855,6.0,1.0023916532627855,397.7178597347608,19575.126324,27.18767545,6.0,PVC,HDPE,0
67,P1401,Emergency_Replacement,1.0,6.0,1.0,0.0,27279.081144000003,34.09885143,6.0,DI,HDPE,0
67,P921,CIP_Replacement,1.0012150664707664,6.0,1.0012150664707664,294.83766716855433,27157.2947856,37.71846498,6.0,DI,HDPE,0
67,P1307,Emergency_Replacement,1.0,6.0,1.0,0.0,338076.03112,422.5950389,2.0,PVC,HDPE,0
67,P1369,Emergency_Replacement,1.0,6.0,1.0,0.0,164885.96279999998,206.1074535,6.0,DI,HDPE,0
67,P903,Emergency_Replacement,1.00088383605774,6.0,1.00088383605774,0.0,32321.302143999997,40.40162768,6.0,DI,HDPE,0
68,P1393,Emergency_Replacement,1.0,6.0,1.0,0.0,30301.176536000003,37.87647067,6.0,DI,HDPE,0
68,P1171,Break_Event,1.8457738532209425,1.5457738532209424,1.8457738532209425,0.0,5000.0,669.5070049,6.0,HDPE,,1
68,P1517,Break_Event,2.2114038278153805,1.9114038278153804,2.2114038278153805,0.0,5000.0,4148.842081,6.0,HDPE,,1
69,P1297,Emergency_Replacement,1.0,6.0,1.0,0.0,1361646.6944,1702.058368,1.5,HDPE,HDPE,0
69,P1297,Break_Event,1.675952117947568,1.0,1.675952117947568,0.0,5000.0,1702.058368,1.5,HDPE,,1
70,P809,Emergency_Replacement,1.0007654764058695,6.0,1.0007654764058695,0.0,10339.374784,12.92421848,6.0,DI,HDPE,0
70,P1475,Emergency_Replacement,1.0,6.0,1.0,0.0,223066.45951999997,278.8330744,6.0,DI,HDPE,0
70,P1367,Break_Event,1.1491864193936572,1.0,1.1491864193936572,0.0,5000.0,404.668168,6.0,DI,,1
70,P1367,Emergency_Replacement,1.0,6.0,1.0,0.0,323734.5344,404.668168,6.0,DI,HDPE,0
70,P1493,Break_Event,5.412872871823331,5.112872871823331,5.412872871823331,0.0,5000.0,1053.340851,6.0,HDPE,,1
71,P909,Emergency_Replacement,1.0,6.0,1.0,0.0,29310.027472,36.63753434,6.0,DI,HDPE,0
71,P1483,Break_Event,1.7859737285605481,1.485973728560548,1.7859737285605481,0.0,5000.0,339.374716,6.0,HDPE,,1
72,P1033,Break_Event,1.973050943987684,1.673050943987684,1.973050943987684,0.0,5000.0,342.5833997,6.0,HDPE,,1
72,P1521,Break_Event,2.1892542120874006,1.8892542120874005,2.1892542120874006,0.0,5000.0,2366.177441,6.0,HDPE,,1
73,P1411,Break_Event,2.525427929885818,2.2254279298858184,2.525427929885818,0.0,5000.0,563.6466089,6.0,HDPE,,1
73,P1347,Break_Event,3.7942602046940594,3.4942602046940596,3.7942602046940594,0.0,5000.0,1363.41445,6.0,HDPE,,1
73,P1045,Break_Event,2.7407463282060407,2.440746328206041,2.7407463282060407,0.0,5000.0,641.0,6.0,HDPE,,1
73,P1253,Emergency_Replacement,1.0,6.0,1.0,0.0,34601.7048,43.252131,6.0,PVC,HDPE,0
73,P997,Emergency_Replacement,1.0,6.0,1.0,0.0,153974.9324,192.4686655,6.0,PVC,HDPE,0
73,P883,Emergency_Replacement,1.0,6.0,1.0,0.0,24047.272408,30.05909051,6.0,DI,HDPE,0
73,P989,Break_Event,1.6402022581945988,1.3402022581945987,1.6402022581945988,0.0,5000.0,219.2257774,6.0,HDPE,,1
73,P1351,Emergency_Replacement,1.0,6.0,1.0,0.0,23637.07472,29.5463434,6.0,DI,HDPE,0
74,P961,Emergency_Replacement,1.0,6.0,1.0,0.0,28718.359192000004,35.89794899,6.0,DI,HDPE,0
74,P1361,Emergency_Replacement,1.0,6.0,1.0,0.0,928316.6680000001,1160.395835,6.0,DI,HDPE,0
74,P1535,Break_Event,2.099381448222956,1.7993814482229558,2.099381448222956,0.0,5000.0,5347.609294,6.0,HDPE,,1
75,P917,Emergency_Replacement,1.0,6.0,1.0,0.0,54028.430344,67.53553793,6.0,DI,HDPE,0
75,P1461,Emergency_Replacement,1.0,6.0,1.0,0.0,154178.06656,192.7225832,6.0,DI,HDPE,0
75,P963,Break_Event,3.1153854050928533,2.8153854050928535,3.1153854050928533,0.0,5000.0,325.8193617,6.0,HDPE,,1
75,P1067,Break_Event,1.9175637979148135,1.6175637979148134,1.9175637979148135,0.0,5000.0,626.9172311,6.0,HDPE,,1
75,P1347,Break_Event,3.345034198494247,3.045034198494247,3.345034198494247,0.0,5000.0,1363.41445,6.0,HDPE,,1
75,P1417,Break_Event,1.0922025763618302,1.0,1.0922025763618302,0.0,5000.0,357.905995,6.0,DI,,1
75,P1417,Emergency_Replacement,1.0,6.0,1.0,0.0,286324.79600000003,357.905995,6.0,DI,HDPE,0
76,P1269,Emergency_Replacement,1.0000192030395878,6.0,1.0000192030395878,0.0,364466.36384,455.5829548,6.0,PVC,HDPE,0
76,P1383,Emergency_Replacement,1.0,6.0,1.0,0.0,29052.38968,36.3154871,6.0,DI,HDPE,0
76,P1503,Break_Event,3.183773109293451,2.8837731092934513,3.183773109293451,0.0,5000.0,1047.162738,6.0,HDPE,,1
77,P1365,Emergency_Replacement,1.0,6.0,1.0,0.0,83001.076,103.751345,6.0,DI,HDPE,0
77,P1477,Emergency_Replacement,1.0,6.0,1.0,0.0,214548.30232,268.1853779,6.0,DI,HDPE,0
77,P845,Break_Event,2.9051651196765387,2.605165119676539,2.9051651196765387,0.0,5000.0,69.64497157,6.0,HDPE,,1
77,P1113,Break_Event,1.165709518610462,1.0,1.165709518610462,0.0,5000.0,363.658617,8.0,PVC,,1
77,P1113,Emergency_Replacement,1.0,6.0,1.0,0.0,290926.8936,363.658617,8.0,PVC,HDPE,0
77,P1487,Break_Event,2.441356401964044,2.1413564019640443,2.441356401964044,0.0,5000.0,630.8574088,6.0,HDPE,,1
77,P1251,Emergency_Replacement,1.0,6.0,1.0,0.0,491409.99808,614.2624976,6.0,PVC,HDPE,0
78,P1389,Emergency_Replacement,1.0,6.0,1.0,0.0,151000.59256,188.7507407,6.0,DI,HDPE,0
78,P1405,Emergency_Replacement,1.0,6.0,1.0,0.0,8852.980296,11.06622537,6.0,DI,HDPE,0
78,P1409,Emergency_Replacement,1.0,6.0,1.0,0.0,12070.421656,15.08802707,6.0,DI,HDPE,0
78,P1203,Break_Event,2.2513380444912694,1.9513380444912694,2.2513380444912694,0.0,5000.0,616.7831577,8.0,HDPE,,1
78,P1297,Break_Event,4.983255456087998,4.683255456087998,4.983255456087998,0.0,5000.0,1702.058368,1.5,HDPE,,1
78,P1357,Break_Event,3.3473014079192795,3.0473014079192797,3.3473014079192795,0.0,5000.0,751.3696781,6.0,HDPE,,1
79,P1533,Break_Event,2.6034780549521,2.3034780549521003,2.6034780549521,0.0,5000.0,178.6956353,6.0,HDPE,,1
79,P985,Break_Event,4.08170107642575,3.78170107642575,4.08170107642575,0.0,5000.0,1773.483782,12.0,HDPE,,1
79,P1013,Emergency_Replacement,1.0,6.0,1.0,0.0,402171.94096,502.7149262,6.0,HDPE,HDPE,0
80,P1517,Break_Event,1.4969017702907943,1.1969017702907943,1.4969017702907943,0.0,5000.0,4148.842081,6.0,HDPE,,1
80,P1541,Break_Event,3.0137996102958127,2.713799610295813,3.0137996102958127,0.0,5000.0,197.0727972,6.0,HDPE,,1
80,P1221,Emergency_Replacement,1.0,6.0,1.0,0.0,184765.90736,230.9573842,8.0,HDPE,HDPE,0
81,P1201,Emergency_Replacement,1.0,6.0,1.0,0.0,479418.99976000004,599.2737497,8.0,HDPE,HDPE,0
81,P1423,Emergency_Replacement,1.0,6.0,1.0,0.0,75306.939016,94.13367377,6.0,DI,HDPE,0
81,P_INTERCONNECTION,Emergency_Replacement,1.0,6.0,1.0,0.0,463200.0,579.0,6.0,PVC,HDPE,0
81,P1115,Break_Event,1.1698535533338448,1.0,1.1698535533338448,0.0,5000.0,606.3244399,8.0,PVC,,1
81,P1115,Emergency_Replacement,1.0,6.0,1.0,0.0,485059.55192,606.3244399,8.0,PVC,HDPE,0
81,P1457,Break_Event,1.4002383985042968,1.1002383985042967,1.4002383985042968,0.0,5000.0,2327.229652,6.0,HDPE,,1
82,P1517,Emergency_Replacement,1.0,6.0,1.0,0.0,3319073.6648,4148.842081,6.0,HDPE,HDPE,0
82,P1535,Break_Event,1.5711062000892353,1.2711062000892352,1.5711062000892353,0.0,5000.0,5347.609294,6.0,HDPE,,1
82,P1517,Break_Event,1.1491198262007833,1.0,1.1491198262007833,0.0,5000.0,4148.842081,6.0,HDPE,,1
82,P913,Emergency_Replacement,1.0,6.0,1.0,0.0,518.7496504000001,0.648437063,6.0,DI,HDPE,0
82,P1413,Emergency_Replacement,1.000701294547282,6.0,1.000701294547282,0.0,32225.68028,40.28210035,6.0,DI,HDPE,0
82,P1299,Emergency_Replacement,1.0,6.0,1.0,0.0,31458.23772,39.32279715,6.0,PVC,HDPE,0
82,P1233,Emergency_Replacement,1.0,6.0,1.0,0.0,17376.615792,21.72076974,6.0,HDPE,HDPE,0
82,P1123,Emergency_Replacement,1.0,6.0,1.0,0.0,16301.004624000001,20.37625578,8.0,PVC,HDPE,0
82,P1425,Emergency_Replacement,1.0,6.0,1.0,0.0,31864.561104,39.83070138,6.0,DI,HDPE,0
82,P1127,Emergency_Replacement,1.0,6.0,1.0,0.0,177692.26464,222.1153308,8.0,HDPE,HDPE,0
83,P1343,Break_Event,1.8256267313284351,1.525626731328435,1.8256267313284351,0.0,5000.0,1378.99118,6.0,HDPE,,1
83,P1353,Break_Event,2.450480471291702,1.0,2.450480471291702,0.0,5000.0,1946.253818,6.0,HDPE,,1
83,P1353,Emergency_Replacement,1.0,6.0,1.0,0.0,1557003.0544,1946.253818,6.0,HDPE,HDPE,0
83,P1417,Break_Event,4.990906708105603,4.6909067081056035,4.990906708105603,0.0,5000.0,357.905995,6.0,HDPE,,1
84,P2337,Emergency_Replacement,1.0,6.0,1.0,0.0,80000.0,100.0,6.0,PVC,HDPE,0
84,P1165,Break_Event,1.0476168026321822,1.0,1.0476168026321822,0.0,5000.0,553.5372769,6.0,HDPE,,1
84,P1165,Emergency_Replacement,1.0,6.0,1.0,0.0,442829.82152000006,553.5372769,6.0,HDPE,HDPE,0
85,P1457,Emergency_Replacement,1.0,6.0,1.0,0.0,1861783.7216,2327.229652,6.0,HDPE,HDPE,0
85,P1131,Emergency_Replacement,1.0,6.0,1.0,0.0,903838.5568,1129.798196,8.0,HDPE,HDPE,0
85,P1157,Emergency_Replacement,1.0,6.0,1.0,0.0,165580.8408,206.976051,6.0,HDPE,HDPE,0
85,P981,Emergency_Replacement,1.0,6.0,1.0,0.0,23291.770303999998,29.11471288,2.0,HDPE,HDPE,0
85,P1039,Emergency_Replacement,1.0,6.0,1.0,0.0,312202.25032,390.2528129,6.0,HDPE,HDPE,0
85,P1179,Emergency_Replacement,1.0,6.0,1.0,0.0,633789.17136,792.2364642,10.0,HDPE,HDPE,0
86,P1059,Emergency_Replacement,1.0,6.0,1.0,0.0,73544.361632,91.93045204,6.0,HDPE,HDPE,0
86,P985,Break_Event,3.379779997127378,3.0797799971273783,3.379779997127378,0.0,5000.0,1773.483782,12.0,HDPE,,1
86,P1535,Break_Event,1.187744393385249,1.0,1.187744393385249,0.0,5000.0,5347.609294,6.0,HDPE,,1
86,P1535,Emergency_Replacement,1.0,6.0,1.0,0.0,4278087.4352,5347.609294,6.0,HDPE,HDPE,0
87,P1105,Emergency_Replacement,1.0,6.0,1.0,0.0,193031.61032,241.2895129,6.0,HDPE,HDPE,0
87,P1227,Emergency_Replacement,1.0,6.0,1.0,0.0,23062.73092,28.82841365,8.0,HDPE,HDPE,0
87,P1037,Break_Event,1.4377017806625039,1.1377017806625038,1.4377017806625039,0.0,5000.0,476.6290482,6.0,HDPE,,1
87,P1155,Break_Event,1.4546622769964,1.1546622769964,1.4546622769964,0.0,5000.0,631.0446813,6.0,HDPE,,1
87,P1343,Break_Event,1.4111193517022487,1.1111193517022486,1.4111193517022487,0.0,5000.0,1378.99118,6.0,HDPE,,1
88,P901,Emergency_Replacement,1.0,6.0,1.0,0.0,110303.9416,137.879927,6.0,DI,HDPE,0
88,P1187,Break_Event,1.2691229917727176,1.0,1.2691229917727176,0.0,5000.0,697.5476464,10.0,HDPE,,1
88,P1187,Emergency_Replacement,1.0,6.0,1.0,0.0,558038.11712,697.5476464,10.0,HDPE,HDPE,0
89,P1533,Break_Event,1.9575759192994637,1.6575759192994637,1.9575759192994637,0.0,5000.0,178.6956353,6.0,HDPE,,1
89,P1235,Emergency_Replacement,1.0,6.0,1.0,0.0,281040.02696,351.3000337,6.0,HDPE,HDPE,0
89,P1355,Break_Event,2.2961015010679975,1.9961015010679974,2.2961015010679975,0.0,5000.0,1343.53617,6.0,HDPE,,1
89,P1529,Break_Event,1.8777238461792316,1.5777238461792316,1.8777238461792316,0.0,5000.0,846.7260223,6.0,HDPE,,1
90,P1097,Emergency_Replacement,1.0,6.0,1.0,0.0,54258.413024,67.82301628,6.0,HDPE,HDPE,0
90,P1197,Emergency_Replacement,1.0,6.0,1.0,0.0,256223.21287999998,320.2790161,8.0,HDPE,HDPE,0
90,P1205,Emergency_Replacement,1.0,6.0,1.0,0.0,26828.650456000003,33.53581307,6.0,HDPE,HDPE,0
90,P1345,Break_Event,2.2092747410136075,1.9092747410136075,2.2092747410136075,0.0,5000.0,822.0028751,6.0,HDPE,,1
91,P1557,Break_Event,2.992998445361008,2.6929984453610083,2.992998445361008,0.0,5000.0,718.3100878,6.0,HDPE,,1
91,P1377,Break_Event,3.1313591631265996,2.8313591631265997,3.1313591631265996,0.0,5000.0,927.2119055,6.0,HDPE,,1
91,P1307,Break_Event,4.198049656065697,3.898049656065697,4.198049656065697,0.0,5000.0,422.5950389,2.0,HDPE,,1
91,P1313,Emergency_Replacement,1.0,6.0,1.0,0.0,100365.87071999999,125.4573384,6.0,HDPE,HDPE,0
91,P1295,Emergency_Replacement,1.0,6.0,1.0,0.0,72929.079816,91.16134977,1.5,HDPE,HDPE,0
91,P1243,Emergency_Replacement,1.0,6.0,1.0,0.0,88934.61200000001,111.168265,6.0,HDPE,HDPE,0
91,P1081,Emergency_Replacement,1.0004741849590557,6.0,1.0004741849590557,0.0,111635.39152,139.5442394,8.0,HDPE,HDPE,0
91,P989,Emergency_Replacement,1.0,6.0,1.0,0.0,175380.62192,219.2257774,6.0,HDPE,HDPE,0
91,P1483,Emergency_Replacement,1.0,6.0,1.0,0.0,271499.7728,339.374716,6.0,HDPE,HDPE,0
92,P1527,Break_Event,1.9361763594679549,1.6361763594679548,1.9361763594679549,0.0,5000.0,1513.802818,6.0,HDPE,,1
92,P1031,Emergency_Replacement,1.0,6.0,1.0,0.0,412950.64576000004,516.1883072,6.0,HDPE,HDPE,0
92,P1257,Emergency_Replacement,1.0,6.0,1.0,0.0,954981.9735999999,1193.727467,6.0,PVC,HDPE,0
92,P1375,Emergency_Replacement,1.0,6.0,1.0,0.0,129348.94695999999,161.6861837,6.0,HDPE,HDPE,0
92,P1281,Break_Event,3.208624184309766,2.908624184309766,3.208624184309766,0.0,5000.0,397.5574026,2.0,HDPE,,1
92,P1257,Break_Event,1.0713146573872168,1.0,1.0713146573872168,0.0,5000.0,1193.727467,6.0,PVC,,1
93,P1343,Emergency_Replacement,1.0,6.0,1.0,0.0,1103192.944,1378.99118,6.0,HDPE,HDPE,0
93,P1385,Emergency_Replacement,1.0,6.0,1.0,0.0,138340.0388,172.9250485,6.0,DI,HDPE,0
93,P919,Emergency_Replacement,1.0,6.0,1.0,0.0,10495.392488,13.11924061,6.0,DI,HDPE,0
93,P861,Emergency_Replacement,1.0,6.0,1.0,0.0,21675.723063999998,27.09465383,6.0,HDPE,HDPE,0
94,P1305,Emergency_Replacement,1.0,6.0,1.0,0.0,297897.48960000003,372.371862,6.0,HDPE,HDPE,0
94,P1305,Break_Event,1.0315101982917996,1.0,1.0315101982917996,0.0,5000.0,372.371862,6.0,HDPE,,1
94,P923,Emergency_Replacement,1.0,6.0,1.0,0.0,27872.825679999998,34.8410321,6.0,DI,HDPE,0
94,P1249,Emergency_Replacement,1.0009383308345412,6.0,1.0009383308345412,0.0,415393.16952,519.2414619,6.0,HDPE,HDPE,0
94,P1237,Emergency_Replacement,1.0,6.0,1.0,0.0,112187.14967999999,140.2339371,6.0,HDPE,HDPE,0
94,P1219,Emergency_Replacement,1.0,6.0,1.0,0.0,243566.22584000003,304.4577823,6.0,HDPE,HDPE,0
94,P1037,Emergency_Replacement,1.0,6.0,1.0,0.0,381303.23856,476.6290482,6.0,HDPE,HDPE,0
94,P1277,Break_Event,1.4594522801214274,1.1594522801214273,1.4594522801214274,0.0,5000.0,216.6383419,2.0,HDPE,,1
95,P1217,Emergency_Replacement,1.0,6.0,1.0,0.0,34653.737328,43.31717166,6.0,HDPE,HDPE,0
95,P1023,Emergency_Replacement,1.0,6.0,1.0,0.0,295711.69983999996,369.6396248,6.0,HDPE,HDPE,0
96,P1089,Emergency_Replacement,1.0,6.0,1.0,0.0,275052.47216,343.8155902,6.0,HDPE,HDPE,0
96,P1155,Emergency_Replacement,1.0,6.0,1.0,0.0,504835.74504,631.0446813,6.0,HDPE,HDPE,0
96,P1175,Emergency_Replacement,1.0,6.0,1.0,0.0,76961.62257600001,96.20202822,10.0,HDPE,HDPE,0
96,P1553,Emergency_Replacement,1.0,6.0,1.0,0.0,118360.52471999999,147.9506559,2.0,HDPE,HDPE,0
97,P1489,Emergency_Replacement,1.0,6.0,1.0,0.0,25648.555888,32.06069486,6.0,HDPE,HDPE,0
97,P1291,Emergency_Replacement,1.0,6.0,1.0,0.0,27838.328632000004,34.79791079,1.5,HDPE,HDPE,0
97,P1171,Emergency_Replacement,1.0,6.0,1.0,0.0,535605.60392,669.5070049,6.0,HDPE,HDPE,0
97,P977,Emergency_Replacement,1.0,6.0,1.0,0.0,56865.723512,71.08215439,2.0,HDPE,HDPE,0
97,P1287,Emergency_Replacement,1.0,6.0,1.0,0.0,273151.11072,341.4388884,3.0,HDPE,HDPE,0
97,P1035,Emergency_Replacement,1.0,6.0,1.0,0.0,33193.788056,41.49223507,6.0,HDPE,HDPE,0
98,P1259,Break_Event,2.622244397865157,2.3222443978651572,2.622244397865157,0.0,5000.0,967.531738,6.0,HDPE,,1
98,P1541,Break_Event,2.1479198984382935,1.8479198984382934,2.1479198984382935,0.0,5000.0,197.0727972,6.0,HDPE,,1
98,P1315,Emergency_Replacement,1.0003956915056296,6.0,1.0003956915056296,0.0,137970.95712,172.4636964,8.0,HDPE,HDPE,0
98,P1183,Emergency_Replacement,1.0,6.0,1.0,0.0,440890.57776,551.1132222,10.0,HDPE,HDPE,0
98,P1045,Break_Event,1.6981830123321597,1.3981830123321597,1.6981830123321597,0.0,5000.0,641.0,6.0,HDPE,,1
99,P1091,Emergency_Replacement,1.0,6.0,1.0,0.0,225445.99328,281.8074916,6.0,HDPE,HDPE,0
99,P1129,Emergency_Replacement,1.0,6.0,1.0,0.0,53754.644872,67.19330609,8.0,HDPE,HDPE,0
99,P1009,Break_Event,1.1745913636825038,1.0,1.1745913636825038,0.0,5000.0,454.878782,6.0,HDPE,,1
99,P1009,Emergency_Replacement,1.0,6.0,1.0,0.0,363903.0256,454.878782,6.0,HDPE,HDPE,0
99,P1193,Emergency_Replacement,1.0,6.0,1.0,0.0,321542.31071999995,401.9278884,10.0,HDPE,HDPE,0
100,P979,Emergency_Replacement,1.0,6.0,1.0,0.0,928455.796,1160.569745,2.0,HDPE,HDPE,0
100,P1101,Emergency_Replacement,1.0,6.0,1.0,0.0,106290.31928,132.8628991,6.0,HDPE,HDPE,0
100,P1169,Emergency_Replacement,1.0,6.0,1.0,0.0,25644.468224000004,32.05558528,6.0,HDPE,HDPE,0
100,P1549,Emergency_Replacement,1.0,6.0,1.0,0.0,165783.33456,207.2291682,2.0,HDPE,HDPE,0
