Year,PipeID,Action,PreCondition,PostCondition,Condition_Before,Priority,Cost,Length,Diameter,Material,NewMaterial,Breaks,Cause,Backlog,Annualized_Risk
1,P1297,Break_Event,1.4335294373377563,1.0,1.4335294373377563,0.0,5000.0,1702.058368,1.5,GI,,1,,False,
1,P1297,Emergency_Replacement,1.0,6.0,1.0,0.0,8510291.84,1702.058368,1.5,GI,HDPE,0,break_failure,True,
2,P1547,Break_Event,1.2779872918617843,1.05,1.2779872918617843,0.0,5000.0,295.0592761,2.0,GI,,1,,False,
3,P1065,Break_Event,1.5774095745873087,1.0,1.5774095745873087,0.0,5000.0,157.0467164,6.0,CI,,1,,False,
3,P1065,Emergency_Replacement,1.0,6.0,1.0,0.0,785233.582,157.0467164,6.0,CI,HDPE,0,break_failure,True,
3,P1547,CIP_Replacement,1.05,6.0,1.05,35.81747316257632,70814.226264,295.0592761,2.0,GI,HDPE,0,,True,2536386.6487394273
4,P1277,CIP_Replacement,1.1148083535580775,6.0,1.1148083535580775,38.89614146425943,51993.202056,216.6383419,2.0,GI,HDPE,0,,True,2022334.9423500001
4,P1543,CIP_Replacement,1.0568322670078965,6.0,1.0568322670078965,24.135239477349558,104136.567576,433.9023649,2.0,GI,HDPE,0,,True,2513360.996795955
5,P1545,CIP_Replacement,1.0936516501762938,6.0,1.0936516501762938,18.822608242538873,7195.1814744,29.97992281,2.0,GI,HDPE,0,,True,135432.08212660445
5,P1553,CIP_Replacement,1.105253935210183,6.0,1.105253935210183,7.666701768911217,35508.157415999995,147.9506559,2.0,GI,HDPE,0,,True,272230.4532720251
5,P1287,CIP_Replacement,1.113041775683608,6.0,1.113041775683608,4.548390552318531,122917.999824,341.4388884,3.0,GI,HDPE,0,,True,559079.0691093724
6,P1289,CIP_Replacement,1.0488899360958137,6.0,1.0488899360958137,21.2596032833357,15291.8692272,42.47741452,3.0,GI,HDPE,0,,True,325099.0732309213
6,P1165,CIP_Replacement,1.083686166455439,6.0,1.083686166455439,10.150066088410425,398546.83936800004,553.5372769,6.0,AC,HDPE,0,,True,4045276.7589122937
6,P1129,CIP_Replacement,1.0774691558444025,6.0,1.0774691558444025,8.360182671157478,64505.573846399995,67.19330609,8.0,AC,HDPE,0,,True,539278.3806637423
6,P1233,CIP_Replacement,1.0799927538181313,6.0,1.0799927538181313,16.08539873241943,15638.954212800001,21.72076974,6.0,AC,HDPE,0,,True,251558.8142709387
6,P1013,CIP_Replacement,1.0714074004429874,6.0,1.0714074004429874,12.285910274156087,361954.746864,502.7149262,6.0,AC,HDPE,0,,True,4446943.543275983
6,P979,Break_Event,1.2345360634251354,1.05,1.2345360634251354,0.0,5000.0,1160.569745,2.0,GI,,1,,False,
6,P1279,CIP_Replacement,1.10241828934225,6.0,1.10241828934225,26.96786126721291,109607.60997599999,456.6983749,2.0,GI,HDPE,0,,True,2955882.81966355
7,P1357,Break_Event,4.224829361035257,3.9248293610352576,4.224829361035257,0.0,5000.0,751.3696781,6.0,DI,,1,,False,
7,P1171,Break_Event,1.2539075759890606,1.05,1.2539075759890606,0.0,5000.0,669.5070049,6.0,AC,,1,,False,
7,P979,CIP_Replacement,1.05,6.0,1.05,14.400888080686721,278536.7388,1160.569745,2.0,GI,HDPE,0,,True,4011176.4018182703
7,P981,CIP_Replacement,1.0981962552814242,6.0,1.0981962552814242,11.839154924050014,6987.5310911999995,29.11471288,2.0,GI,HDPE,0,,True,82726.46312533304
7,P1133,CIP_Replacement,1.0612224104291819,6.0,1.0612224104291819,21.867145498742197,379857.045792,395.6844227,8.0,AC,HDPE,0,,True,8306389.289056041
7,P1295,CIP_Replacement,1.0762118383680375,6.0,1.0762118383680375,21.406308909354365,16409.0429586,91.16134977,1.5,GI,HDPE,0,,True,351257.0424786577
7,P1149,CIP_Replacement,1.1168227316500057,6.0,1.1168227316500057,5.5215660045040975,350866.63972800004,487.3147774,6.0,AC,HDPE,0,,True,1937333.3100367119
7,P1089,CIP_Replacement,1.101528466158433,6.0,1.101528466158433,6.639020795481439,247547.224944,343.8155902,6.0,AC,HDPE,0,,True,1643471.1742669377
7,P1235,CIP_Replacement,1.093937047980252,6.0,1.093937047980252,7.328692256858097,252936.02426399998,351.3000337,6.0,AC,HDPE,0,,True,1853690.2825040484
7,P1161,CIP_Replacement,1.1116685896237135,6.0,1.1116685896237135,13.434148544899939,33425.058906,185.6947717,1.5,GI,HDPE,0,,True,449037.20646523463
8,P1135,CIP_Replacement,1.0663690450700039,6.0,1.0663690450700039,17.164059602201462,69081.6777792,71.96008102,8.0,AC,HDPE,0,,True,1185722.0348222652
8,P1163,CIP_Replacement,1.1046237724980343,6.0,1.1046237724980343,9.15002747187293,23301.3964104,32.36305057,6.0,AC,HDPE,0,,True,213208.41728816126
8,P1171,CIP_Replacement,1.05,6.0,1.05,13.506079570330973,482045.04352799995,669.5070049,6.0,AC,HDPE,0,,True,6510538.714372825
8,P1275,CIP_Replacement,1.065220247043371,6.0,1.065220247043371,32.961374946492334,8207.1182616,34.19632609,2.0,GI,HDPE,0,,True,270517.90225080197
8,P1029,CIP_Replacement,1.0855501538253125,6.0,1.0855501538253125,7.05672117228055,379368.14796,526.9002055,6.0,AC,HDPE,0,,True,2677095.2417981923
8,P1209,CIP_Replacement,1.0660868737533808,6.0,1.0660868737533808,7.6641203311317945,233780.463864,324.6950887,6.0,AC,HDPE,0,,True,1791721.6061215042
8,P1027,CIP_Replacement,1.1056984142244315,6.0,1.1056984142244315,9.04227482891286,324229.479696,450.3187218,6.0,AC,HDPE,0,,True,2931772.0630466538
8,P1305,CIP_Replacement,1.0922166881774373,6.0,1.0922166881774373,10.384411910376787,268107.74064000003,372.371862,6.0,CI,HDPE,0,,True,2784141.215166227
9,P1035,CIP_Replacement,1.1059863255666438,6.0,1.1059863255666438,7.88705509013913,29874.4092504,41.49223507,6.0,AC,HDPE,0,,True,235621.11154326683
9,P1101,Break_Event,1.0874467649055541,1.05,1.0874467649055541,0.0,5000.0,132.8628991,6.0,AC,,1,,False,
9,P1103,CIP_Replacement,1.0883248266159298,6.0,1.0883248266159298,14.57597278227006,16152.57468,22.4341315,6.0,AC,HDPE,0,,True,235439.4888992645
9,P1193,CIP_Replacement,1.0142688766021695,6.0,1.0142688766021695,40.01190760076169,482313.46608,401.9278884,10.0,AC,HDPE,0,,True,19298281.839396067
9,P1109,CIP_Replacement,1.0567590881512858,6.0,1.0567590881512858,32.248981733597326,20728.7319168,28.78990544,6.0,CI,HDPE,0,,False,668480.4969455191
9,P1197,CIP_Replacement,1.1012276652833748,6.0,1.1012276652833748,9.357052505149518,307467.85545599996,320.2790161,8.0,AC,HDPE,0,,True,2876992.8671475146
9,P1221,CIP_Replacement,1.0700216238311078,6.0,1.0700216238311078,9.440718611668613,221719.088832,230.9573842,8.0,AC,HDPE,0,,True,2093187.5284984692
9,P1155,CIP_Replacement,1.0553042235335695,6.0,1.0553042235335695,10.327410907895233,454352.170536,631.0446813,6.0,AC,HDPE,0,,True,4692281.562019361
9,P1099,CIP_Replacement,1.0538266585914773,6.0,1.0538266585914773,10.649802823642062,342537.639408,475.7467214,6.0,AC,HDPE,0,,True,3647958.319371005
9,P1195,CIP_Replacement,1.089671177461559,6.0,1.089671177461559,10.746478068512051,29338.310832,30.56074045,8.0,AC,HDPE,0,,True,315283.51392327755
9,P1169,CIP_Replacement,1.0770490988802035,6.0,1.0770490988802035,11.32437078658171,23080.021401600003,32.05558528,6.0,AC,HDPE,0,,True,261366.72011395972
9,P1139,Break_Event,1.4752718714121313,1.1752718714121313,1.4752718714121313,0.0,5000.0,254.925162,6.0,CI,,1,,False,
9,P1529,Break_Event,2.6381750295569986,2.3381750295569987,2.6381750295569986,0.0,5000.0,846.7260223,6.0,DI,,1,,False,
9,P1293,CIP_Replacement,1.096141997985172,6.0,1.096141997985172,12.151452332831425,61081.659954,339.3425553,1.5,GI,HDPE,0,,True,742230.8793412492
10,P1225,CIP_Replacement,1.0487900362146154,6.0,1.0487900362146154,12.409231458767398,224926.08998400002,234.2980104,8.0,AC,HDPE,0,,True,2791159.9117269996
10,P1249,CIP_Replacement,1.034420380751824,6.0,1.034420380751824,11.95991908052607,373853.852568,519.2414619,6.0,AC,HDPE,0,,True,4471261.824656203
10,P1291,CIP_Replacement,1.0815806482040988,6.0,1.0815806482040988,13.169498645181106,6263.623942200001,34.79791079,1.5,GI,HDPE,0,,True,82488.78702072684
10,P1183,CIP_Replacement,1.0528500689625424,6.0,1.0528500689625424,13.66972550031768,661335.86664,551.1132222,10.0,AC,HDPE,0,,True,9040279.760483501
10,P1077,CIP_Replacement,1.058956581710161,6.0,1.058956581710161,14.928951086617518,23693.1839712,24.68039997,8.0,CI,HDPE,0,,True,353714.384592275
10,P1025,CIP_Replacement,1.062338807623804,6.0,1.062338807623804,12.706171393450466,112954.414536,156.8811313,6.0,AC,HDPE,0,,True,1435218.1507412686
10,P1015,CIP_Replacement,1.0685881819277776,6.0,1.0685881819277776,11.248358016779877,78177.551328,108.5799324,6.0,CI,HDPE,0,,True,879369.0862125291
10,P977,CIP_Replacement,1.1083074240301682,6.0,1.1083074240301682,6.983032718069153,17059.7170536,71.08215439,2.0,GI,HDPE,0,,True,119128.5623462911
10,P1157,CIP_Replacement,1.0995138546323793,6.0,1.0995138546323793,7.539939439025373,149022.75672,206.976051,6.0,AC,HDPE,0,,True,1123622.5607054115
10,P1021,CIP_Replacement,1.1088032845989977,6.0,1.1088032845989977,4.045568432456067,15505.771953599999,21.53579438,6.0,AC,HDPE,0,,True,62729.66153634679
10,P1147,CIP_Replacement,1.1068301653173245,6.0,1.1068301653173245,6.94644049076609,19358.7395256,26.88713823,6.0,AC,HDPE,0,,True,134474.3320908218
10,P1101,CIP_Replacement,1.05,6.0,1.05,9.179005086069186,95661.287352,132.8628991,6.0,AC,HDPE,0,,True,878075.4431439338
10,P1083,Break_Event,1.365940418895243,1.065940418895243,1.365940418895243,0.0,5000.0,200.8872127,8.0,CI,,1,,False,
10,P1059,CIP_Replacement,1.0342146724351942,6.0,1.0342146724351942,23.680078069625182,66189.92546880001,91.93045204,6.0,CI,HDPE,0,,True,1567382.6025238563
10,P1241,Break_Event,1.1135994902145012,1.05,1.1135994902145012,0.0,5000.0,328.9021417,6.0,AC,,1,,False,
10,P1541,Break_Event,1.610782120638218,1.310782120638218,1.610782120638218,0.0,5000.0,197.0727972,6.0,DI,,1,,False,
11,P1031,CIP_Replacement,1.0527662024594588,6.0,1.0527662024594588,8.713849594227897,371655.581184,516.1883072,6.0,AC,HDPE,0,,True,3238550.835292732
11,P1213,CIP_Replacement,1.090129406113938,6.0,1.090129406113938,2.3154995204488333,52630.347168,73.0977044,6.0,AC,HDPE,0,,True,121865.54362855962
11,P1241,CIP_Replacement,1.05,6.0,1.05,12.832304025051632,236809.54202400002,328.9021417,6.0,AC,HDPE,0,,True,3038812.039285209
11,P1137,CIP_Replacement,1.1021720586777661,6.0,1.1021720586777661,6.461561301991569,19942.7042736,27.69820038,6.0,CI,HDPE,0,,True,128861.00619135566
11,P1075,CIP_Replacement,1.0647614638267286,6.0,1.0647614638267286,16.172547089563942,57917.269691999994,80.44065235,6.0,CI,HDPE,0,,True,936669.7713928445
11,P1131,CIP_Replacement,1.057616524229941,6.0,1.057616524229941,14.012414610336464,1084606.26816,1129.798196,8.0,AC,HDPE,0,,True,15197952.718427692
11,P1167,CIP_Replacement,1.0908301829209288,6.0,1.0908301829209288,4.5865015351746194,50244.9439248,69.78464434,6.0,AC,HDPE,0,,True,230448.51244585786
11,P1217,CIP_Replacement,1.073968465416434,6.0,1.073968465416434,9.478885454410612,31188.3635952,43.31717166,6.0,AC,HDPE,0,,True,295630.92602941074
12,P1513,Break_Event,3.9957158121017806,3.695715812101781,3.9957158121017806,0.0,5000.0,603.0410659,6.0,DI,,1,,False,
12,P1189,Break_Event,1.0777923905131683,1.05,1.0777923905131683,0.0,5000.0,1110.021747,10.0,AC,,1,,False,
12,P1069,CIP_Replacement,1.0906448104801028,6.0,1.0906448104801028,10.1083555237744,28093.0675896,39.01814943,6.0,CI,HDPE,0,,True,283974.7149491007
12,P1083,CIP_Replacement,1.0408673297601974,6.0,1.0408673297601974,6.190313770638942,192851.724192,200.8872127,8.0,CI,HDPE,0,,True,1193812.6839572007
12,P1039,CIP_Replacement,1.0057502295487888,6.0,1.0057502295487888,40.55177787255574,280982.025288,390.2528129,6.0,AC,HDPE,0,,True,11394320.675659817
12,P1127,CIP_Replacement,1.0443748002927282,6.0,1.0443748002927282,11.231529799233215,213230.71756800002,222.1153308,8.0,AC,HDPE,0,,True,2394907.1584768738
12,P1207,CIP_Replacement,1.0980024783981819,6.0,1.0980024783981819,3.1391907438906297,67931.7366528,94.34963424,6.0,AC,HDPE,0,,True,213250.67891688558
12,P1243,CIP_Replacement,1.111795760181124,6.0,1.111795760181124,5.39005953464192,80041.1508,111.168265,6.0,AC,HDPE,0,,True,431426.5680332518
12,P1063,CIP_Replacement,1.091951604053129,6.0,1.091951604053129,6.6299808222121115,23084.819208,32.0622489,6.0,CI,HDPE,0,,True,153051.9086332738
12,P1011,CIP_Replacement,1.0915385975411227,6.0,1.0915385975411227,6.786722325014303,9787.1253048,13.59322959,6.0,AC,HDPE,0,,True,66422.50180379857
12,P1151,CIP_Replacement,1.0814912235927026,6.0,1.0814912235927026,7.736872864460363,172991.078064,240.2653862,6.0,AC,HDPE,0,,True,1338409.9776671058
12,P1057,CIP_Replacement,1.0759339085294595,6.0,1.0759339085294595,8.223568791854982,21307.704407999998,29.5940339,6.0,CI,HDPE,0,,True,175225.3729956996
12,P1239,CIP_Replacement,1.1090868231789563,6.0,1.1090868231789563,8.32021290805667,193450.290912,268.6809596,6.0,AC,HDPE,0,,True,1609547.6075133402
12,P1037,CIP_Replacement,1.0682134671472638,6.0,1.0682134671472638,9.421630540260301,343172.914704,476.6290482,6.0,AC,HDPE,0,,True,3233248.4137653494
13,P987,CIP_Replacement,1.0916868442277048,6.0,1.0916868442277048,3.048740854141211,11453.136112799999,15.90713349,6.0,CI,HDPE,0,,True,34917.64397513342
13,P1449,Break_Event,2.7249359907546915,2.4249359907546917,2.7249359907546915,0.0,5000.0,516.1322743,6.0,DI,,1,,False,
13,P1237,CIP_Replacement,1.0979133554011318,6.0,1.0979133554011318,8.641784781550049,100968.43471199999,140.2339371,6.0,AC,HDPE,0,,True,872547.4825110912
13,P1187,CIP_Replacement,1.0416164244886545,6.0,1.0416164244886545,13.223596994785844,837057.17568,697.5476464,10.0,AC,HDPE,0,,True,11068906.752785973
13,P1211,CIP_Replacement,1.1139408489070504,6.0,1.1139408489070504,4.831951672373891,205759.205424,285.7766742,6.0,AC,HDPE,0,,True,994218.5367548198
13,P1227,CIP_Replacement,1.0937706943132852,6.0,1.0937706943132852,4.539745469370537,27675.277104,28.82841365,8.0,AC,HDPE,0,,True,125638.71384645815
13,P1081,CIP_Replacement,1.1068364814512779,6.0,1.1068364814512779,3.8343422956794884,133962.469824,139.5442394,8.0,CI,HDPE,0,,True,513657.96407985035
13,P1231,CIP_Replacement,1.037697312391729,6.0,1.037697312391729,8.153780425175661,576574.090848,800.7973484,6.0,AC,HDPE,0,,True,4701258.535619875
14,P1047,Break_Event,1.1094948311023922,1.0,1.1094948311023922,0.0,5000.0,378.2652544,6.0,AC,,1,,False,
14,P1189,CIP_Replacement,1.0085374315185083,6.0,1.0085374315185083,39.4934440701367,1332026.0964,1110.021747,10.0,AC,HDPE,0,,True,52606298.13813591
14,P1201,CIP_Replacement,1.0616919759131984,6.0,1.0616919759131984,10.00906563658065,575302.7997120001,599.2737497,8.0,AC,HDPE,0,,True,5758243.48322602
14,P1319,CIP_Replacement,1.075609302434146,6.0,1.075609302434146,12.842321834718424,28484.213119199998,39.56140711,6.0,AC,HDPE,0,,False,365803.4320854751
14,P1005,CIP_Replacement,1.0972809081006678,6.0,1.0972809081006678,5.357660576111801,7855.8843456,10.91095048,6.0,AC,HDPE,0,,True,42089.16184891498
14,P1551,CIP_Replacement,1.1126840594359275,6.0,1.1126840594359275,4.596813332779706,4442.918740800001,18.51216142,2.0,GI,HDPE,0,,True,20423.268104166265
14,P1093,Break_Event,1.160348643834382,1.05,1.160348643834382,0.0,5000.0,252.0684287,6.0,AC,,1,,False,
14,P1047,Emergency_Replacement,1.0,6.0,1.0,0.0,1891326.272,378.2652544,6.0,AC,HDPE,0,break_failure,True,
14,P1097,CIP_Replacement,1.1015495979438312,6.0,1.1015495979438312,7.649535452654196,48832.571721600005,67.82301628,6.0,AC,HDPE,0,,True,373546.488628658
15,P1023,CIP_Replacement,1.0459319383951615,6.0,1.0459319383951615,11.343094259129282,266140.529856,369.6396248,6.0,AC,HDPE,0,,True,3018857.1163312187
15,P1017,CIP_Replacement,1.0399755803513604,6.0,1.0399755803513604,12.924990934487655,206736.23894399998,287.1336652,6.0,CI,HDPE,0,,True,2672064.0141812735
15,P1093,CIP_Replacement,1.05,6.0,1.05,8.329767228682462,181489.268664,252.0684287,6.0,AC,HDPE,0,,True,1511763.3624749342
15,P1041,Break_Event,1.0375343714661158,1.0,1.0375343714661158,0.0,5000.0,26.67392697,6.0,AC,,1,,False,
15,P1041,Emergency_Replacement,1.0,6.0,1.0,0.0,133369.63485,26.67392697,6.0,AC,HDPE,0,break_failure,True,
15,P1091,CIP_Replacement,1.0607124737093694,6.0,1.0607124737093694,8.40636080872398,202901.39395199998,281.8074916,6.0,AC,HDPE,0,,True,1705662.3261535575
15,P1245,CIP_Replacement,1.0066498412480815,6.0,1.0066498412480815,41.29374123546186,188479.85673600002,261.7775788,6.0,AC,HDPE,0,,True,7783038.432153307
15,P1179,CIP_Replacement,1.030830324396684,6.0,1.030830324396684,15.526115061583521,950683.75704,792.2364642,10.0,AC,HDPE,0,,True,14760425.398981554
16,P1309,CIP_Replacement,1.0533388604075082,6.0,1.0533388604075082,9.980861399741666,24218.8830816,25.22800321,8.0,CI,HDPE,0,,True,241725.31529399793
16,P1223,CIP_Replacement,1.0369095391900014,6.0,1.0369095391900014,10.004105015808628,527374.531968,549.3484708,8.0,AC,HDPE,0,,True,5275910.200470797
16,P1087,CIP_Replacement,1.0383065436904604,6.0,1.0383065436904604,14.195612576832751,16611.0219264,17.30314784,8.0,CI,HDPE,0,,True,235803.63177244845
16,P1177,CIP_Replacement,1.0564256861050763,6.0,1.0564256861050763,9.049530024218022,361784.62883999996,301.4871907,10.0,AC,HDPE,0,,False,3273980.8609881527
16,P1323,CIP_Replacement,1.0036601194906576,6.0,1.0036601194906576,69.44444444444444,154445.43708,214.5075515,6.0,AC,HDPE,0,,True,10725377.575
16,P1205,CIP_Replacement,1.0114030423127571,6.0,1.0114030423127571,22.336350771082408,24145.785410400003,33.53581307,6.0,AC,HDPE,0,,True,539328.7325699785
16,P1229,CIP_Replacement,1.0052439423244879,6.0,1.0052439423244879,48.963140884505364,25669.6155432,35.65224381,6.0,AC,HDPE,0,,True,1256865.0022927905
16,P1033,CIP_Replacement,1.031929971956463,6.0,1.031929971956463,15.523566612982954,246660.047784,342.5833997,6.0,AC,HDPE,0,,True,3829043.6825364823
16,P1153,CIP_Replacement,1.0780735355694433,6.0,1.0780735355694433,5.951575009812799,24351.2999496,33.82124993,6.0,AC,HDPE,0,,True,144928.58823649504
16,P1141,CIP_Replacement,1.0762921583982386,6.0,1.0762921583982386,5.999117543957334,31370.8696128,43.57065224,6.0,CI,HDPE,0,,True,188197.53426334652
16,P1219,CIP_Replacement,1.0748833120010657,6.0,1.0748833120010657,6.233826821573965,219209.603256,304.4577823,6.0,AC,HDPE,0,,True,1366514.7043238403
16,P1283,Break_Event,1.6908906210389794,1.3908906210389793,1.6908906210389794,0.0,5000.0,835.3463124,6.0,PVC,,1,,False,
16,P1159,CIP_Replacement,1.1004350365902222,6.0,1.1004350365902222,4.476275208199614,22281.782954399998,30.94692077,6.0,AC,HDPE,0,,True,99739.39263326547
16,P1139,CIP_Replacement,1.055637620572929,6.0,1.055637620572929,4.589639615404494,183546.11664,254.925162,6.0,CI,HDPE,0,,True,842410.5281845978
16,P1185,CIP_Replacement,1.0847678706237132,6.0,1.0847678706237132,4.885500640704574,31154.214012,25.96184501,10.0,AC,HDPE,0,,True,152203.93251627343
16,P1125,CIP_Replacement,1.067896914028768,6.0,1.067896914028768,5.2084094159630885,25852.0166784,26.92918404,8.0,AC,HDPE,0,,True,134647.88708941336
17,P1203,CIP_Replacement,1.1019065851221626,6.0,1.1019065851221626,5.715827345518094,592111.831392,616.7831577,8.0,AC,HDPE,0,,False,3384408.9974751924
17,P985,Break_Event,2.227062065311953,1.9270620653119528,2.227062065311953,0.0,5000.0,1773.483782,12.0,PVC,,1,,False,
17,P1541,CIP_Replacement,1.09175403153021,6.0,1.09175403153021,4.821257566302852,141892.41398399998,197.0727972,6.0,DI,HDPE,0,,False,684099.8745213365
17,P1181,CIP_Replacement,1.0854028663040294,6.0,1.0854028663040294,4.541871714194747,37426.027908000004,31.18835659,10.0,AC,HDPE,0,,True,169984.21753000843
17,P1313,CIP_Replacement,1.0525653150416798,6.0,1.0525653150416798,4.224551975547899,90329.283648,125.4573384,6.0,CI,HDPE,0,,True,381600.7536849849
17,P1067,CIP_Replacement,1.0652941940761564,6.0,1.0652941940761564,6.678406449794069,451380.406392,626.9172311,6.0,CI,HDPE,0,,True,3014501.817359001
18,P1073,CIP_Replacement,1.0897800264470363,6.0,1.0897800264470363,6.612352591068004,103487.355288,143.7324379,6.0,CI,HDPE,0,,True,684294.881881382
18,P1061,CIP_Replacement,1.0877793671144722,6.0,1.0877793671144722,4.522350551117508,381904.411896,530.4227943,6.0,CI,HDPE,0,,True,1727105.6276120835
18,P1199,Break_Event,1.2789896389909907,1.05,1.2789896389909907,0.0,5000.0,875.9424045,8.0,AC,,1,,False,
19,P1199,CIP_Replacement,1.05,6.0,1.05,8.337768207166297,840904.70832,875.9424045,8.0,AC,HDPE,0,,False,7011268.542286944
19,P1051,CIP_Replacement,1.1127758478616578,6.0,1.1127758478616578,3.1989628163193555,206886.100392,287.3418061,6.0,CI,HDPE,0,,True,661820.9423673212
19,P1049,CIP_Replacement,1.0949533881583482,6.0,1.0949533881583482,3.9056872650921037,15960.365668800001,22.16717454,6.0,CI,HDPE,0,,True,62336.19693884538
19,P1175,CIP_Replacement,1.0895890302249676,6.0,1.0895890302249676,3.824937519002544,115442.433864,96.20202822,10.0,AC,HDPE,0,,True,441560.0965713834
19,P1071,CIP_Replacement,1.1027633590616313,6.0,1.1027633590616313,3.565842932289704,21234.0801672,29.49177801,6.0,CI,HDPE,0,,True,75717.3946878831
19,P1105,CIP_Replacement,1.1068601061654242,6.0,1.1068601061654242,7.265635964113153,173728.449288,241.2895129,6.0,CI,HDPE,0,,False,1262247.669136501
19,P1247,CIP_Replacement,1.1072190629350689,6.0,1.1072190629350689,1.7292896302564047,47029.831099200004,65.31920986,6.0,AC,HDPE,0,,True,81328.19923255674
19,P1053,CIP_Replacement,1.1091178340546826,6.0,1.1091178340546826,3.3252014379215264,63187.7140944,87.76071402,6.0,CI,HDPE,0,,True,210111.87776567318
20,P1375,CIP_Replacement,1.074761130417504,6.0,1.074761130417504,8.953249974915261,116414.05226399998,161.6861837,6.0,DI,HDPE,0,,False,1042284.1105124417
21,P1445,Break_Event,1.7688656237164762,1.468865623716476,1.7688656237164762,0.0,5000.0,675.1336867,6.0,DI,,1,,False,
21,P1479,CIP_Replacement,1.1085368909074949,6.0,1.1085368909074949,4.572136865652629,16317.273103200001,22.66287931,6.0,DI,HDPE,0,,False,74604.8059020628
21,P1215,CIP_Replacement,1.1113264910992546,6.0,1.1113264910992546,4.468750579029823,10900.8446592,45.42018608,2.0,AC,HDPE,0,,True,48713.155882714156
21,P851,CIP_Replacement,1.0818813205278857,6.0,1.0818813205278857,3.1004505370909214,25216.0293528,35.02226299,6.0,DI,HDPE,0,,False,78181.0517501892
21,P1557,CIP_Replacement,1.0865112177872644,6.0,1.0865112177872644,5.846014647558782,517183.263216,718.3100878,6.0,DI,HDPE,0,,False,3023460.932232985
21,P1535,Break_Event,3.011879967143744,2.7118799671437444,3.011879967143744,0.0,5000.0,5347.609294,6.0,DI,,1,,False,
21,P1327,CIP_Replacement,1.1143962071139075,6.0,1.1143962071139075,2.1579030317583268,639321.991704,887.9472107,6.0,DI,HDPE,0,,False,1379594.8641678335
22,P1403,Break_Event,2.6183990576946616,2.318399057694662,2.6183990576946616,0.0,5000.0,737.6005876,6.0,DI,,1,,False,
22,P1355,Break_Event,3.8552744618820047,3.555274461882005,3.8552744618820047,0.0,5000.0,1343.53617,6.0,DI,,1,,False,
22,P989,CIP_Replacement,1.1010504594720798,6.0,1.1010504594720798,1.55823611007935,157842.559728,219.2257774,6.0,CI,HDPE,0,,True,245955.9762755262
22,P823,CIP_Replacement,1.091273013277855,6.0,1.091273013277855,2.627883553734335,20547.5010552,28.53819591,6.0,DI,HDPE,0,,False,53996.440093298974
22,P1303,CIP_Replacement,1.109852990255031,6.0,1.109852990255031,2.8278485538451053,22107.786084,30.70525845,6.0,CI,HDPE,0,,True,62517.47090635634
22,P1517,Break_Event,1.7862203023566792,1.4862203023566791,1.7862203023566792,0.0,5000.0,4148.842081,6.0,DI,,1,,False,
22,P1019,CIP_Replacement,1.104986669199043,6.0,1.104986669199043,4.472147114516458,17863.5558672,24.81049426,6.0,CI,HDPE,0,,True,79888.44982650204
23,P805,CIP_Replacement,1.1020069004089272,6.0,1.1020069004089272,2.223851655191297,10183.7209824,14.14405692,6.0,DI,HDPE,0,,False,22647.084762716582
23,P797,CIP_Replacement,1.087689625764527,6.0,1.087689625764527,2.618940125238727,20736.4051296,28.80056268,6.0,DI,HDPE,0,,False,54307.40344711561
23,P1143,CIP_Replacement,1.1161311464620822,6.0,1.1161311464620822,2.5283108131554974,13490.9987472,18.73749826,6.0,CI,HDPE,0,,True,34109.43801281303
23,P837,CIP_Replacement,1.1044253403118656,6.0,1.1044253403118656,2.167802988363147,48056.0762592,66.74455036,6.0,DI,HDPE,0,,False,104176.10572370105
23,P935,CIP_Replacement,1.103752677911045,6.0,1.103752677911045,2.7385989818870478,243124.354584,337.6727147,6.0,DI,HDPE,0,,False,665820.109935688
24,P1107,CIP_Replacement,1.0867416811393649,6.0,1.0867416811393649,7.1397756108086465,59036.209747199995,81.99473576,6.0,CI,HDPE,0,,False,421505.2905076422
24,P1173,CIP_Replacement,1.0966481820483684,6.0,1.0966481820483684,5.047048823305113,98326.560036,81.93880003,10.0,AC,HDPE,0,,False,496258.94912933337
24,P1079,CIP_Replacement,1.1124574907688276,6.0,1.1124574907688276,1.8839093786455017,221830.656096,231.0736001,8.0,CI,HDPE,0,,True,417908.8534903393
24,P843,CIP_Replacement,1.086529348570204,6.0,1.086529348570204,2.5411737030428148,53445.462688800006,74.22980929,6.0,DI,HDPE,0,,False,135814.2043317345
24,P1055,CIP_Replacement,1.1048000849613413,6.0,1.1048000849613413,2.7278121303864986,36461.7443952,50.64131166,6.0,CI,HDPE,0,,True,99460.7886562785
24,P1317,CIP_Replacement,1.0919831676910048,6.0,1.0919831676910048,2.9754494578464046,97607.241792,135.5656136,6.0,DI,HDPE,0,,False,290425.41467188933
24,P1145,CIP_Replacement,1.087277819516002,6.0,1.087277819516002,4.7282347480040094,501985.242504,697.2017257,6.0,CI,HDPE,0,,False,2373504.0665926323
24,P1487,Break_Event,1.3283695798422164,1.05,1.3283695798422164,0.0,5000.0,630.8574088,6.0,DI,,1,,False,
24,P1549,Break_Event,1.2977793688496009,1.05,1.2977793688496009,0.0,5000.0,207.2291682,2.0,GI,,1,,False,
25,P1283,Break_Event,1.114766546061845,1.05,1.114766546061845,0.0,5000.0,835.3463124,6.0,PVC,,1,,False,
25,P1095,CIP_Replacement,1.1015562386895117,6.0,1.1015562386895117,4.1431860141528425,223428.816648,310.3178009,6.0,AC,HDPE,0,,True,925707.1482947135
25,P841,CIP_Replacement,1.0951052205784582,6.0,1.0951052205784582,2.1995092259013407,41009.6430072,56.95783751,6.0,DI,HDPE,0,,False,90201.0881452568
25,P1437,CIP_Replacement,1.1167114945005834,6.0,1.1167114945005834,2.2143422228835155,28671.8952528,39.82207674,6.0,DI,HDPE,0,,False,63489.388268368464
25,P827,CIP_Replacement,1.0882771670381588,6.0,1.0882771670381588,2.383522878747391,11924.0236368,16.56114394,6.0,DI,HDPE,0,,False,28421.183145037474
25,P1487,CIP_Replacement,1.05,6.0,1.05,7.961283198961479,454217.334336,630.8574088,6.0,DI,HDPE,0,,False,3616152.832526266
25,P1325,CIP_Replacement,1.0898009340330457,6.0,1.0898009340330457,4.992231939789004,355422.21055200003,493.6419591,6.0,AC,HDPE,0,,False,1774350.111628107
25,P1549,CIP_Replacement,1.05,6.0,1.05,22.690622644862426,49735.000368,207.2291682,2.0,GI,HDPE,0,,False,1128518.125592382
26,P1283,CIP_Replacement,1.05,6.0,1.05,6.999591491582271,601449.344928,835.3463124,6.0,PVC,HDPE,0,,False,4209899.717375759
26,P863,CIP_Replacement,1.1046504312895364,6.0,1.1046504312895364,1.9031918889280577,33661.118844000004,46.75155395,6.0,DI,HDPE,0,,False,64063.568356144206
26,P873,CIP_Replacement,1.09463125982613,6.0,1.09463125982613,2.122968162057583,1347.66949392,1.871763186,6.0,DI,HDPE,0,,False,2861.0594285684156
26,P1311,CIP_Replacement,1.0931161071657165,6.0,1.0931161071657165,2.6332677160692888,172800.0,180.0,8.0,Default,HDPE,0,,True,455028.66133677313
26,P869,CIP_Replacement,1.1113998293147025,6.0,1.1113998293147025,1.777409776279082,18018.3275136,25.02545488,6.0,DI,HDPE,0,,False,32025.951474871006
26,P883,CIP_Replacement,1.0900770066938705,6.0,1.0900770066938705,3.764206406923208,21642.5451672,30.05909051,6.0,DI,HDPE,0,,False,81467.00718049916
27,P1331,CIP_Replacement,1.0985604946609095,6.0,1.0985604946609095,2.446912006451867,240971.609088,334.6827904,6.0,DI,HDPE,0,,False,589636.323491453
27,P1555,CIP_Replacement,1.0895078094607678,6.0,1.0895078094607678,4.33529493591622,11994.7085712,16.65931746,6.0,DI,HDPE,0,,False,52000.599326514246
27,P1369,CIP_Replacement,1.1143994172863174,6.0,1.1143994172863174,4.176460616615658,148397.36651999998,206.1074535,6.0,DI,HDPE,0,,False,619775.7568802589
27,P931,CIP_Replacement,1.1010925093513109,6.0,1.1010925093513109,2.38203156787858,9618.3105552,13.35876466,6.0,DI,HDPE,0,,False,22911.119372146153
28,P1321,CIP_Replacement,1.0873892863164625,6.0,1.0873892863164625,4.561682050579467,268693.224552,373.1850341,6.0,AC,HDPE,0,,False,1225693.0595511766
28,P1315,CIP_Replacement,1.1037483966232342,6.0,1.1037483966232342,3.347323219531389,165565.148544,172.4636964,8.0,DI,HDPE,0,,False,554200.0660664947
29,P1191,CIP_Replacement,1.0903866449884856,6.0,1.0903866449884856,2.9664459741820424,342431.08764,285.3592397,10.0,AC,HDPE,0,,False,1015803.3213644561
29,P1007,CIP_Replacement,1.1002218172878795,6.0,1.1002218172878795,1.7811795275326638,61019.262244800004,84.74897534,6.0,DI,HDPE,0,,False,108686.26069558458
29,P855,CIP_Replacement,1.0904427278361415,6.0,1.0904427278361415,1.9904185663972538,32367.9371112,44.95546821,6.0,DI,HDPE,0,,False,64425.74298211117
29,P1329,CIP_Replacement,1.111755821384198,6.0,1.111755821384198,1.988102309166455,41829.0714648,58.09593259,6.0,DI,HDPE,0,,False,83160.47356945755
29,P969,CIP_Replacement,1.0863908367523398,6.0,1.0863908367523398,3.5084283591988337,18549.5026392,25.76319811,6.0,DI,HDPE,0,,False,65079.60110840289
29,P849,CIP_Replacement,1.110517473289069,6.0,1.110517473289069,1.6008760617734688,14630.895028800001,20.32068754,6.0,DI,HDPE,0,,False,23422.249613926368
29,P847,CIP_Replacement,1.102907660165897,6.0,1.102907660165897,1.73066804289061,45571.5100152,63.29376391,6.0,DI,HDPE,0,,False,78869.15604957602
29,P835,CIP_Replacement,1.10306122443717,6.0,1.10306122443717,1.7278595338587739,89670.555936,124.5424388,6.0,DI,HDPE,0,,False,154938.12498043408
30,P803,CIP_Replacement,1.1165024428032801,6.0,1.1165024428032801,1.8360792410841,121772.087496,169.1278993,6.0,DI,HDPE,0,,False,223583.20199488229
30,P787,CIP_Replacement,1.1127073646790888,6.0,1.1127073646790888,1.5127439157823321,35475.231715199996,49.27115516,6.0,DI,HDPE,0,,False,53664.94093813722
30,P1009,CIP_Replacement,1.0998731066447849,6.0,1.0998731066447849,1.726283700606963,327512.72304,454.878782,6.0,DI,HDPE,0,,False,565379.8755253545
30,P791,CIP_Replacement,1.1123840493906527,6.0,1.1123840493906527,1.517524950177109,15873.612141599999,22.04668353,6.0,DI,HDPE,0,,False,24088.60247431229
30,P833,CIP_Replacement,1.0925904415586962,6.0,1.0925904415586962,1.8737598079543074,9899.3554848,13.74910484,6.0,DI,HDPE,0,,False,18549.014432070268
31,P1395,Break_Event,2.310614120683878,2.0106141206838783,2.310614120683878,0.0,5000.0,910.8566616,6.0,DI,,1,,False,
31,P1519,Break_Event,1.3771705225093176,1.0771705225093176,1.3771705225093176,0.0,5000.0,403.303961,6.0,DI,,1,,False,
31,P1445,CIP_Replacement,1.0953335318942388,6.0,1.0953335318942388,7.459342319027594,486096.254424,675.1336867,6.0,DI,HDPE,0,,False,3625958.3617457473
31,P1337,Break_Event,2.6558709745269007,2.355870974526901,2.6558709745269007,0.0,5000.0,920.0333158,6.0,DI,,1,,False,
31,P885,CIP_Replacement,1.0916744323005863,6.0,1.0916744323005863,4.578556507789972,9864.697168800001,13.70096829,6.0,DI,HDPE,0,,False,45166.07341958656
32,P1473,CIP_Replacement,1.1037276557246825,6.0,1.1037276557246825,5.2492349913654675,181229.376168,251.7074669,6.0,DI,HDPE,0,,False,951315.5828444004
32,P1443,CIP_Replacement,1.106865951419821,6.0,1.106865951419821,5.089912809962846,55265.96964240001,76.75829117,6.0,DI,HDPE,0,,False,281298.96683786955
32,P1085,CIP_Replacement,1.1172248100908475,6.0,1.1172248100908475,1.9962823845203428,47205.3540768,49.17224383,8.0,CI,HDPE,0,,True,94235.21679856139
32,P1519,CIP_Replacement,1.0771705225093176,6.0,1.0771705225093176,5.635070310191474,290378.85192,403.303961,6.0,DI,HDPE,0,,False,1636305.2471618785
32,P971,CIP_Replacement,1.0931903412750985,6.0,1.0931903412750985,5.862624549237624,16119.240012,22.38783335,6.0,DI,HDPE,0,,False,94501.05220940457
32,P793,CIP_Replacement,1.1138465605582992,6.0,1.1138465605582992,1.3995907374571233,18379.4258592,25.52698036,6.0,DI,HDPE,0,,False,25723.674192316248
33,P951,CIP_Replacement,1.0974792838133287,6.0,1.0974792838133287,4.022920173032945,234071.29490399998,325.0990207,6.0,DI,HDPE,0,,False,941650.1341972451
33,P967,CIP_Replacement,1.1050774760293964,6.0,1.1050774760293964,5.017682372242738,29177.4550896,40.52424318,6.0,DI,HDPE,0,,False,146403.20206999007
33,P1489,CIP_Replacement,1.0929183442809953,6.0,1.0929183442809953,4.231818413954125,23083.700299199998,32.06069486,6.0,DI,HDPE,0,,False,97686.0279883529
33,P871,CIP_Replacement,1.0932289701635742,6.0,1.0932289701635742,2.1084715339918714,619.61254488,0.860572979,6.0,DI,HDPE,0,,False,1306.4354129837407
34,P875,CIP_Replacement,1.0968668014289336,6.0,1.0968668014289336,1.568176294694102,9750.5796528,13.54247174,6.0,DI,HDPE,0,,False,15290.627871047607
34,P813,CIP_Replacement,1.1128196401516237,6.0,1.1128196401516237,1.6698991379963615,31385.15568,43.590494,6.0,DI,HDPE,0,,False,52410.04441591361
34,P853,CIP_Replacement,1.1142219827270858,6.0,1.1142219827270858,1.3100148275585306,3922.3989172799998,5.447776274,6.0,DI,HDPE,0,,False,5138.400741236326
34,P1529,CIP_Replacement,1.0937059541958303,6.0,1.0937059541958303,4.908888412909187,609642.736056,846.7260223,6.0,DI,HDPE,0,,False,2992668.163039552
34,P1349,CIP_Replacement,1.108542568813714,6.0,1.108542568813714,3.4803355492543036,26087.968108800003,36.23328904,6.0,DI,HDPE,0,,False,90794.88281686921
34,P959,CIP_Replacement,1.0963947212309488,6.0,1.0963947212309488,2.6593838344854177,19515.2792328,27.10455449,6.0,DI,HDPE,0,,False,51898.618117177306
34,P1483,CIP_Replacement,1.096229995759032,6.0,1.096229995759032,3.158837126303591,244349.79551999999,339.374716,6.0,DI,HDPE,0,,False,771861.2058932668
34,P933,CIP_Replacement,1.1120577318398726,6.0,1.1120577318398726,1.6820243197885865,37885.377110400004,52.61857932,6.0,DI,HDPE,0,,False,63724.12566405465
35,P891,CIP_Replacement,1.112677331757287,6.0,1.112677331757287,1.2906593921726421,12167.3163456,16.89905048,6.0,DI,HDPE,0,,False,15703.861118984349
35,P1559,CIP_Replacement,1.1110340658762992,6.0,1.1110340658762992,2.6232861704162844,33125.245632000006,46.0072856,6.0,DI,HDPE,0,,False,86896.99875806805
35,P799,CIP_Replacement,1.1046958847558919,6.0,1.1046958847558919,1.3987431035827786,21373.9868088,29.68609279,6.0,DI,HDPE,0,,False,29896.71664487828
35,P1517,Emergency_Replacement,1.0,6.0,1.0,0.0,20744210.404999997,4148.842081,6.0,DI,HDPE,0,degradation,False,
36,P861,CIP_Replacement,1.10417878776447,6.0,1.10417878776447,1.366135851825845,19508.1507576,27.09465383,6.0,DI,HDPE,0,,False,26650.78415278088
36,P1373,CIP_Replacement,1.104464319538667,6.0,1.104464319538667,3.417902879751764,117717.962904,163.4971707,6.0,DI,HDPE,0,,False,402348.56440809293
36,P943,CIP_Replacement,1.091925602175749,6.0,1.091925602175749,3.9131728258511225,32415.8003568,45.02194494,6.0,DI,HDPE,0,,False,126848.62908444488
36,P811,CIP_Replacement,1.0896509392814002,6.0,1.0896509392814002,2.701864898776774,46184.2044768,64.14472844,6.0,DI,HDPE,0,,False,124783.48095379505
36,P829,CIP_Replacement,1.1115914788886356,6.0,1.1115914788886356,1.2671858254136006,7230.063391199999,10.04175471,6.0,DI,HDPE,0,,False,9161.833846170428
36,P825,CIP_Replacement,1.108076189485028,6.0,1.108076189485028,1.3124197072636876,35312.7936528,49.04554674,6.0,DI,HDPE,0,,False,46345.206308470784
36,P1353,Break_Event,1.7740603494873262,1.4740603494873261,1.7740603494873262,0.0,5000.0,1946.253818,6.0,DI,,1,,False,
37,P1045,CIP_Replacement,1.1093782070757217,6.0,1.1093782070757217,1.3611786143725533,461520.0,641.0,6.0,Default,HDPE,0,,False,628211.1541052208
37,P929,CIP_Replacement,1.1052226985015594,6.0,1.1052226985015594,1.648757808873428,15318.316008000002,21.2754389,6.0,DI,HDPE,0,,False,25256.19313698084
37,P867,CIP_Replacement,1.1053092013630834,6.0,1.1053092013630834,1.312642755740075,23731.405596,32.96028555,6.0,DI,HDPE,0,,False,31150.857639118876
37,P819,CIP_Replacement,1.096013099564875,6.0,1.096013099564875,1.8168491633806851,67693.348944,94.0185402,6.0,DI,HDPE,0,,False,122988.60439534318
37,P859,CIP_Replacement,1.1126378407090856,6.0,1.1126378407090856,1.219425582950345,30921.9688872,42.94717901,6.0,DI,HDPE,0,,False,37707.03993624629
37,P795,CIP_Replacement,1.1050660691753236,6.0,1.1050660691753236,1.3159579740130072,21787.953508799998,30.26104654,6.0,DI,HDPE,0,,False,28672.031157330035
37,P1523,CIP_Replacement,1.0949180971905372,6.0,1.0949180971905372,4.953732667101247,399017.90073600004,554.1915288,6.0,DI,HDPE,0,,False,1976628.009634086
37,P1371,CIP_Replacement,1.0968460125009727,6.0,1.0968460125009727,3.6006661864924303,27300.5210808,37.91739039,6.0,DI,HDPE,0,,False,98300.06312926034
37,P947,CIP_Replacement,1.1056319452022878,6.0,1.1056319452022878,1.6419680133988048,36525.5228232,50.72989281,6.0,DI,HDPE,0,,False,59973.74014836241
37,P889,CIP_Replacement,1.0975710386746715,6.0,1.0975710386746715,1.4262548131640267,14661.224812800001,20.36281224,6.0,DI,HDPE,0,,False,20910.642456135858
38,P901,Break_Event,1.97501915321507,1.67501915321507,1.97501915321507,0.0,5000.0,137.879927,6.0,DI,,1,,False,
38,P985,Emergency_Replacement,1.0,6.0,1.0,0.0,8867418.91,1773.483782,12.0,PVC,HDPE,0,degradation,False,
38,P983,CIP_Replacement,1.1082958508569838,6.0,1.1082958508569838,1.5558075755217886,119812.19104800001,166.4058209,6.0,DI,HDPE,0,,False,186404.71447234222
38,P965,CIP_Replacement,1.0982448011048696,6.0,1.0982448011048696,4.651667081748718,29871.3935088,41.48804654,6.0,DI,HDPE,0,,False,138951.7778708473
38,P1485,CIP_Replacement,1.1018451921820744,6.0,1.1018451921820744,3.321487888660963,25178.369623199997,34.96995781,6.0,DI,HDPE,0,,False,83629.64975968788
38,P807,CIP_Replacement,1.0899162257742807,6.0,1.0899162257742807,2.548061511725774,16816.540471199998,23.35630621,6.0,DI,HDPE,0,,False,42849.57953504352
38,P801,CIP_Replacement,1.1146118384359698,6.0,1.1146118384359698,1.1640195373636035,17265.769128,23.9802349,6.0,DI,HDPE,0,,False,20097.69259260135
39,P1439,Break_Event,2.7001039582028303,2.4001039582028305,2.7001039582028303,0.0,5000.0,325.1732085,6.0,DI,,1,,False,
39,P857,CIP_Replacement,1.1160383852952476,6.0,1.1160383852952476,1.1180539423084372,17938.4157792,24.91446636,6.0,DI,HDPE,0,,False,20056.116480702436
39,P1383,CIP_Replacement,1.0780878059720358,6.0,1.0780878059720358,7.641831142356295,26147.150712,36.3154871,6.0,DI,HDPE,0,,False,199812.11059484514
39,P999,CIP_Replacement,1.1079963813673042,6.0,1.1079963813673042,2.9086387246517424,537579.6088319999,746.6383456,6.0,PVC,HDPE,0,,False,1563624.867831891
39,P1377,Break_Event,1.9212699315806423,1.6212699315806423,1.9212699315806423,0.0,5000.0,927.2119055,6.0,DI,,1,,False,
40,P815,CIP_Replacement,1.116733936633564,6.0,1.116733936633564,1.362391693925656,4366.33555536,6.064354938,6.0,DI,HDPE,0,,False,5948.659293514731
40,P1505,CIP_Replacement,1.0974964705348265,6.0,1.0974964705348265,2.9747615403468437,417011.710824,579.1829317,6.0,DI,HDPE,0,,False,1240510.3992334749
40,P949,CIP_Replacement,1.0982870489186052,6.0,1.0982870489186052,3.2721581929956707,47551.2009768,66.04333469,6.0,DI,HDPE,0,,False,155595.05186301985
40,P1533,CIP_Replacement,1.1130618213182184,6.0,1.1130618213182184,3.816429255479977,128660.857416,178.6956353,6.0,DI,HDPE,0,,False,491025.0602775604
40,P877,CIP_Replacement,1.107387445917557,6.0,1.107387445917557,1.1860772601339709,601.3146816,0.83515928,6.0,DI,HDPE,0,,False,713.205670030459
40,P839,CIP_Replacement,1.10082732817082,6.0,1.10082732817082,1.2704512982309313,34430.9938848,47.82082484,6.0,DI,HDPE,0,,False,43742.90088032542
40,P1475,CIP_Replacement,1.1034260006164545,6.0,1.1034260006164545,4.1850461752903705,200759.81356799998,278.8330744,6.0,DI,HDPE,0,,False,840189.0899247661
41,P961,CIP_Replacement,1.110667921689002,6.0,1.110667921689002,1.9022346559770964,25846.5232728,35.89794899,6.0,DI,HDPE,0,,False,49166.152306038726
41,P1435,CIP_Replacement,1.093769011924566,6.0,1.093769011924566,3.0170738527156016,128877.23275200001,178.9961566,6.0,DI,HDPE,0,,False,388832.129146402
41,P865,CIP_Replacement,1.1095353298039468,6.0,1.1095353298039468,1.1316302358798105,9313.1433,12.93492125,6.0,DI,HDPE,0,,False,10539.034549361477
41,P1447,Break_Event,1.6369338874965966,1.3369338874965966,1.6369338874965966,0.0,5000.0,679.975015,6.0,DI,,1,,False,
41,P887,CIP_Replacement,1.1010092261385536,6.0,1.1010092261385536,3.099348098781214,2356.62662304,3.273092532,6.0,DI,HDPE,0,,False,7304.006243656217
41,P1257,Break_Event,2.359324683756881,2.059324683756881,2.359324683756881,0.0,5000.0,1193.727467,6.0,PVC,,1,,False,
42,P1433,CIP_Replacement,1.1052336073235958,6.0,1.1052336073235958,2.8950605323995617,509623.024896,707.8097568,6.0,DI,HDPE,0,,False,1475389.505778489
42,P1451,CIP_Replacement,1.111570501893895,6.0,1.111570501893895,3.6805711072309415,421823.360664,585.8657787,6.0,DI,HDPE,0,,False,1552550.8736149753
42,P1359,Break_Event,1.679709033967431,1.379709033967431,1.679709033967431,0.0,5000.0,146.1729689,6.0,DI,,1,,False,
42,P1535,Break_Event,1.5729674130010722,1.2729674130010722,1.5729674130010722,0.0,5000.0,5347.609294,6.0,DI,,1,,False,
42,P1477,CIP_Replacement,1.0992979935197231,6.0,1.0992979935197231,2.075957221550534,193093.47208799998,268.1853779,6.0,DI,HDPE,0,,False,400853.7878153501
43,P1221,Break_Event,3.5337314553026062,3.2337314553026064,3.5337314553026062,0.0,5000.0,230.9573842,8.0,HDPE,,1,,False,
43,P1355,Break_Event,2.675585381587178,2.3755853815871784,2.675585381587178,0.0,5000.0,1343.53617,6.0,DI,,1,,False,
43,P1503,CIP_Replacement,1.0774607543248396,6.0,1.0774607543248396,3.4852668159041897,753957.17136,1047.162738,6.0,DI,HDPE,0,,False,2627741.909953997
43,P991,CIP_Replacement,1.0980209591488042,6.0,1.0980209591488042,4.402989203661356,93617.75642399999,130.0246617,6.0,PVC,HDPE,0,,False,412197.97080587054
43,P1467,CIP_Replacement,1.1089806070816133,6.0,1.1089806070816133,3.681418548855417,84780.51343199999,117.7507131,6.0,DI,HDPE,0,,False,312112.5547300506
43,P817,CIP_Replacement,1.0991383245382378,6.0,1.0991383245382378,1.505408681672642,26161.4871432,36.33539881,6.0,DI,HDPE,0,,False,39383.729870840485
43,P845,CIP_Replacement,1.1127214419047102,6.0,1.1127214419047102,1.0443703513417215,50144.379530399994,69.64497157,6.0,DI,HDPE,0,,False,52369.30326797647
43,P941,CIP_Replacement,1.096359789004256,6.0,1.096359789004256,3.1027541031525616,32500.179777600002,45.13913858,6.0,DI,HDPE,0,,False,100840.06615814431
44,P1525,CIP_Replacement,1.091734436176648,6.0,1.091734436176648,4.29562444967199,272321.164224,378.2238392,6.0,DI,HDPE,0,,False,1169789.4512037558
44,P1009,Break_Event,4.935786246437461,4.635786246437461,4.935786246437461,0.0,5000.0,454.878782,6.0,HDPE,,1,,False,
44,P1285,CIP_Replacement,1.1135961628127755,6.0,1.1135961628127755,2.4348563293070624,694201.44168,964.168669,6.0,PVC,HDPE,0,,False,1690280.7740886358
44,P881,CIP_Replacement,1.100899971079238,6.0,1.100899971079238,2.886424304133173,4364.73775656,6.062135773,6.0,DI,HDPE,0,,False,12598.485141702486
45,P1361,Break_Event,1.551062360849922,1.251062360849922,1.551062360849922,0.0,5000.0,1160.395835,6.0,DI,,1,,False,
45,P1413,CIP_Replacement,1.11208688870243,6.0,1.11208688870243,2.289325019504904,29003.112252,40.28210035,6.0,DI,HDPE,0,,False,66397.55052201283
45,P1481,Emergency_Replacement,1.0,6.0,1.0,0.0,2411017.2535,482.2034507,6.0,DI,HDPE,0,break_failure,False,
45,P1495,Break_Event,2.227541258492029,1.927541258492029,2.227541258492029,0.0,5000.0,754.2106641,6.0,DI,,1,,False,
45,P1505,Break_Event,5.294412843088516,4.994412843088516,5.294412843088516,0.0,5000.0,579.1829317,6.0,HDPE,,1,,False,
45,P1481,Break_Event,1.2403232739874865,1.0,1.2403232739874865,0.0,5000.0,482.2034507,6.0,DI,,1,,False,
45,P1281,CIP_Replacement,1.0931540395552843,6.0,1.0931540395552843,5.247994133361259,95413.77662399999,397.5574026,2.0,PVC,HDPE,0,,False,500730.9399645936
45,P1515,CIP_Replacement,1.0345395611181893,6.0,1.0345395611181893,5.675417812909328,1834881.5232,2548.44656,6.0,DI,HDPE,0,,False,10413719.28134748
46,P1465,CIP_Replacement,1.0682006444813992,6.0,1.0682006444813992,5.562459118474402,318918.55968,442.942444,6.0,DI,HDPE,0,,False,1773971.4503427388
46,P1463,CIP_Replacement,1.0864682874480882,6.0,1.0864682874480882,4.362025788081786,227842.723512,316.4482271,6.0,DI,HDPE,0,,False,993855.8355861322
46,P1453,CIP_Replacement,1.0927743780069716,6.0,1.0927743780069716,4.057345456807234,88013.96892,122.2416235,6.0,DI,HDPE,0,,False,357103.07693313505
46,P1345,CIP_Replacement,1.0983553950570997,6.0,1.0983553950570997,3.820267502705906,591842.070072,822.0028751,6.0,DI,HDPE,0,,False,2260995.0270302533
46,P1455,CIP_Replacement,1.091016841891667,6.0,1.091016841891667,4.138020086801894,203130.337104,282.1254682,6.0,DI,HDPE,0,,False,840557.415175192
47,P1341,CIP_Replacement,1.0846160374307732,6.0,1.0846160374307732,5.821176236266172,365449.44319200004,507.5686711,6.0,DI,HDPE,0,,False,2127345.614265975
47,P821,CIP_Replacement,1.1062400796548366,6.0,1.1062400796548366,1.27719784346513,65463.8311368,90.92198769,6.0,DI,HDPE,0,,False,83610.2639528864
47,P1271,CIP_Replacement,1.09796694188645,6.0,1.09796694188645,3.1750500303936118,22793.9484384,31.65826172,6.0,PVC,HDPE,0,,False,72371.92668213234
47,P1531,CIP_Replacement,1.1017598991324602,6.0,1.1017598991324602,3.608225386774171,394504.57814399997,547.9230252,6.0,DI,HDPE,0,,False,1423461.4340578155
47,P1255,CIP_Replacement,1.1078410755901906,6.0,1.1078410755901906,4.306640772765269,17828.0235432,24.76114381,6.0,PVC,HDPE,0,,False,76778.89308896427
47,P1403,CIP_Replacement,1.098508898425856,6.0,1.098508898425856,2.300319972172786,531072.423072,737.6005876,6.0,DI,HDPE,0,,False,1221636.501462717
47,P_INTERCONNECTION,CIP_Replacement,1.1150005666091871,6.0,1.1150005666091871,3.410832650043904,416880.0,579.0,6.0,PVC,HDPE,0,,False,1421907.9151503027
48,P1263,CIP_Replacement,1.1126388242988543,6.0,1.1126388242988543,3.410450629130387,164619.405216,228.6380628,6.0,PVC,HDPE,0,,False,561426.3540859773
48,P973,CIP_Replacement,1.0986269248442795,6.0,1.0986269248442795,3.647314241435504,58465.0991304,81.20152657,6.0,DI,HDPE,0,,False,213240.58868524642
48,P1457,CIP_Replacement,1.0977850417612558,6.0,1.0977850417612558,3.679712296988933,1675605.34944,2327.229652,6.0,DI,HDPE,0,,False,6165745.609234806
49,P1353,CIP_Replacement,1.030485602478052,6.0,1.030485602478052,6.898749385136205,1401302.74896,1946.253818,6.0,DI,HDPE,0,,False,9667236.477777474
49,P1261,CIP_Replacement,1.1021481632492378,6.0,1.1021481632492378,3.692844661998348,23981.789829600002,33.30804143,6.0,PVC,HDPE,0,,False,88561.02455740464
49,P975,CIP_Replacement,1.105635229834937,6.0,1.105635229834937,3.326859034136383,65008.0493928,90.28895749,6.0,DI,HDPE,0,,False,216272.6164140209
49,P993,CIP_Replacement,1.1112962468728498,6.0,1.1112962468728498,2.6617340631116364,33885.6109488,47.06334854,6.0,PVC,HDPE,0,,False,90194.48491176957
49,P1333,CIP_Replacement,1.1032318496507834,6.0,1.1032318496507834,1.0061034623570515,93170.457,129.4034125,6.0,DI,HDPE,0,,False,93739.11937708878
49,P963,CIP_Replacement,1.0914369937572006,6.0,1.0914369937572006,1.9305245248186993,234589.940424,325.8193617,6.0,DI,HDPE,0,,False,452881.6332642896
50,P1259,CIP_Replacement,1.116855097140776,6.0,1.116855097140776,3.1495943770473147,696622.85136,967.531738,6.0,PVC,HDPE,0,,False,2194079.415566123
50,P879,CIP_Replacement,1.1122333752878604,6.0,1.1122333752878604,0.8994512454926394,4070.8114739999996,5.653904825,6.0,DI,HDPE,0,,False,3661.496450455027
50,P1561,CIP_Replacement,1.0992261072139489,6.0,1.0992261072139489,2.578282832710014,9436.903970399999,13.10681107,6.0,DI,HDPE,0,,False,24331.00750081529
50,P1427,CIP_Replacement,1.1146128113398146,6.0,1.1146128113398146,2.994947486162736,223065.36756,309.8130105,6.0,DI,HDPE,0,,False,668069.0618237888
50,P1343,CIP_Replacement,1.0854225117685394,6.0,1.0854225117685394,4.056335564257293,992873.6496,1378.99118,6.0,DI,HDPE,0,,False,4027428.695686414
50,P1403,Break_Event,5.503960949866965,5.203960949866965,5.503960949866965,0.0,5000.0,737.6005876,6.0,HDPE,,1,,False,
50,P945,CIP_Replacement,1.1120787627576894,6.0,1.1120787627576894,2.265129992344678,3273.43262832,4.546434206,6.0,DI,HDPE,0,,False,7414.7504243273
51,P1389,CIP_Replacement,1.0829075667857044,6.0,1.0829075667857044,5.466975722128133,135900.53330399998,188.7507407,6.0,DI,HDPE,0,,False,742964.9161972337
51,P1359,CIP_Replacement,1.1128196266460608,6.0,1.1128196266460608,1.7457065698601975,105244.537608,146.1729689,6.0,DI,HDPE,0,,False,183726.08074418423
51,P1391,CIP_Replacement,1.0502987021772907,6.0,1.0502987021772907,4.5230684877607255,640599.484176,889.7215058,6.0,DI,HDPE,0,,False,2897475.340152241
51,P1301,CIP_Replacement,1.0272534623903995,6.0,1.0272534623903995,4.606373429181327,686337.416784,953.2464122,6.0,PVC,HDPE,0,,False,3161526.4401267683
51,P1409,CIP_Replacement,1.0858231578773632,6.0,1.0858231578773632,2.6396905526648595,10863.3794904,15.08802707,6.0,DI,HDPE,0,,False,28675.960210822075
51,P831,CIP_Replacement,1.116793586680924,6.0,1.116793586680924,0.8436668913747292,9639.5612184,13.38827947,6.0,DI,HDPE,0,,False,8132.578647343925
52,P1361,CIP_Replacement,1.0649055074479308,6.0,1.0649055074479308,2.965147072750333,835485.0012,1160.395835,6.0,DI,HDPE,0,,False,2477335.9056349886
52,P1265,CIP_Replacement,1.108691127121515,6.0,1.108691127121515,3.260614680658128,44890.2924048,62.34762834,6.0,PVC,HDPE,0,,False,146369.94643412693
52,P1535,Emergency_Replacement,1.0,6.0,1.0,0.0,26738046.47,5347.609294,6.0,DI,HDPE,0,degradation,False,
52,P1527,CIP_Replacement,1.0976807387363292,6.0,1.0976807387363292,5.09226342022155,1089938.02896,1513.802818,6.0,DI,HDPE,0,,False,5550251.555181384
53,P1355,Break_Event,2.0748316933738224,1.7748316933738224,2.0748316933738224,0.0,5000.0,1343.53617,6.0,DI,,1,,False,
53,P903,Break_Event,1.9578425262698322,1.6578425262698322,1.9578425262698322,0.0,5000.0,40.40162768,6.0,DI,,1,,False,
53,P1003,CIP_Replacement,1.1127157453883674,6.0,1.1127157453883674,2.0303270699704967,268767.391968,373.2880444,6.0,PVC,HDPE,0,,False,545685.7114380014
53,P1447,CIP_Replacement,1.0896860628112057,6.0,1.0896860628112057,3.0061070159729186,489582.0108,679.975015,6.0,DI,HDPE,0,,False,1471735.9175600093
53,P1357,CIP_Replacement,1.0422078394184426,6.0,1.0422078394184426,4.949683492363031,540986.168232,751.3696781,6.0,DI,HDPE,0,,False,2677710.3064946597
54,P995,CIP_Replacement,1.1010631263332769,6.0,1.1010631263332769,2.6674381971740826,27550.987142399998,38.26525992,6.0,PVC,HDPE,0,,False,73490.55547348977
54,P1307,CIP_Replacement,1.1152311481482848,6.0,1.1152311481482848,4.431353600229769,101422.809336,422.5950389,2.0,PVC,HDPE,0,,False,449440.331296501
54,P1267,CIP_Replacement,1.1011704828946287,6.0,1.1011704828946287,3.3776738775791797,380539.65204,528.5272945,6.0,PVC,HDPE,0,,False,1285338.8420785787
54,P919,CIP_Replacement,1.104892899736248,6.0,1.104892899736248,2.032753486011526,9445.8532392,13.11924061,6.0,DI,HDPE,0,,False,19201.091100337067
54,P1419,CIP_Replacement,1.0999596097845978,6.0,1.0999596097845978,2.1343851715957194,130990.72363200001,181.9315606,6.0,DI,HDPE,0,,False,279584.6581367338
54,P1339,CIP_Replacement,1.0980263307003013,6.0,1.0980263307003013,2.177000799540262,160379.985744,222.7499802,6.0,DI,HDPE,0,,False,349147.3571949438
54,P1449,CIP_Replacement,1.114800890866327,6.0,1.114800890866327,2.4829495417271414,371615.23749599996,516.1322743,6.0,DI,HDPE,0,,False,922701.883639516
54,P921,CIP_Replacement,1.1148957192019733,6.0,1.1148957192019733,1.8534518291945563,27157.2947856,37.71846498,6.0,DI,HDPE,0,,False,50334.73769634611
55,P1299,CIP_Replacement,1.1109336178908042,6.0,1.1109336178908042,1.5076907801670723,28312.413948,39.32279715,6.0,PVC,HDPE,0,,False,42686.36547367322
55,P901,CIP_Replacement,1.114948194780146,6.0,1.114948194780146,1.6235628837277087,99273.54744000001,137.879927,6.0,DI,HDPE,0,,False,161176.8469595659
55,P1367,CIP_Replacement,1.0915301615089636,6.0,1.0915301615089636,2.2901646543944367,291361.08096,404.668168,6.0,DI,HDPE,0,,False,667264.8492807479
55,P789,CIP_Replacement,1.1147011473443678,6.0,1.1147011473443678,0.7968855514537693,27029.568384000002,37.5410672,6.0,DI,HDPE,0,,False,21539.472507241207
55,P1395,CIP_Replacement,1.1026025009576033,6.0,1.1026025009576033,3.7142388877751604,655816.7963520001,910.8566616,6.0,DI,HDPE,0,,False,2435860.2482667216
57,P1269,CIP_Replacement,1.1046785755727733,6.0,1.1046785755727733,3.0866689806023833,328019.727456,455.5829548,6.0,PVC,HDPE,0,,False,1012488.317764083
57,P955,CIP_Replacement,1.1157375815659196,6.0,1.1157375815659196,2.594160218489616,24985.7453808,34.70242414,6.0,DI,HDPE,0,,False,64817.026696182045
58,P1113,CIP_Replacement,1.1090943340959463,6.0,1.1090943340959463,3.2695779068462856,349112.27232,363.658617,8.0,PVC,HDPE,0,,False,1141449.772586376
58,P1417,Break_Event,2.7923211343028758,2.492321134302876,2.7923211343028758,0.0,5000.0,357.905995,6.0,DI,,1,,False,
59,P1251,CIP_Replacement,1.1105687547737926,6.0,1.1105687547737926,1.4084838696865534,442268.998272,614.2624976,6.0,PVC,HDPE,0,,False,622928.7501285422
59,P1397,CIP_Replacement,1.0987792547081936,6.0,1.0987792547081936,3.947962277301955,357521.889672,496.5581801,6.0,DI,HDPE,0,,False,1411482.9337347676
59,P899,CIP_Replacement,1.09510242242559,6.0,1.09510242242559,2.0512302136634295,38859.0631632,53.97092106,6.0,DI,HDPE,0,,False,79708.88443501144
59,P1511,CIP_Replacement,1.1132869097936875,6.0,1.1132869097936875,5.154217980568299,188596.3626,261.9393925,6.0,DI,HDPE,0,,False,972066.7631826986
59,P893,CIP_Replacement,1.1143261098140866,6.0,1.1143261098140866,1.2683981729908773,53894.119291200004,74.85294346,6.0,DI,HDPE,0,,False,68359.20244391049
60,P1123,CIP_Replacement,1.0959206196038154,6.0,1.0959206196038154,3.6053678031550906,19561.2055488,20.37625578,8.0,PVC,HDPE,0,,False,70525.34067654223
60,P953,CIP_Replacement,1.1067801597971785,6.0,1.1067801597971785,1.3382920137327956,340758.821304,473.2761407,6.0,DI,HDPE,0,,False,456034.80916014395
60,P1117,CIP_Replacement,1.1058059027413412,6.0,1.1058059027413412,3.259822931090125,503116.734336,524.0799316,8.0,PVC,HDPE,0,,False,1640071.4676036714
61,P1355,Break_Event,1.592674250509652,1.292674250509652,1.592674250509652,0.0,5000.0,1343.53617,6.0,DI,,1,,False,
61,P1495,Break_Event,1.4266411410325543,1.1266411410325543,1.4266411410325543,0.0,5000.0,754.2106641,6.0,DI,,1,,False,
62,P1499,CIP_Replacement,1.109742744035605,6.0,1.109742744035605,1.6631232557392435,7056.000000000001,9.8,6.0,Default,HDPE,0,,False,11734.997692496103
62,P1521,CIP_Replacement,1.0995188902527344,6.0,1.0995188902527344,2.784238767439161,1703647.75752,2366.177441,6.0,DI,HDPE,0,,False,4743362.1325479755
62,P911,CIP_Replacement,1.1100244843924536,6.0,1.1100244843924536,1.6827067609732709,21571.281828,29.96011365,6.0,DI,HDPE,0,,False,36298.14177483546
62,P1509,CIP_Replacement,1.1088852288361406,6.0,1.1088852288361406,5.101667852634159,77793.68124,108.0467795,6.0,DI,HDPE,0,,False,396877.5227201771
63,P1495,CIP_Replacement,1.1056496873309218,6.0,1.1056496873309218,1.3004543593890485,543031.6781520001,754.2106641,6.0,DI,HDPE,0,,False,706187.9131391193
63,P1539,CIP_Replacement,1.1130598158266911,6.0,1.1130598158266911,1.610503702256117,593172.9990719999,823.8513876,6.0,DI,HDPE,0,,False,955307.3110838202
63,P1001,CIP_Replacement,1.1042748834838716,6.0,1.1042748834838716,2.7990580245206456,19575.126324,27.18767545,6.0,PVC,HDPE,0,,False,54791.91441819753
63,P1119,CIP_Replacement,1.1043525701197467,6.0,1.1043525701197467,3.146529906528743,196460.054784,204.6458904,8.0,PVC,HDPE,0,,False,618167.4378161313
63,P1379,CIP_Replacement,1.113968859251416,6.0,1.113968859251416,3.1949493552046957,12633.9869304,17.54720407,6.0,DI,HDPE,0,,False,40364.948396946034
63,P1239,Break_Event,2.382655505175819,2.0826555051758193,2.382655505175819,0.0,5000.0,268.6809596,6.0,HDPE,,1,,False,
64,P1111,CIP_Replacement,1.1018414169883792,6.0,1.1018414169883792,3.175092150040837,32127.326640000003,33.46596525,8.0,PVC,HDPE,0,,False,102007.22261646186
65,P1429,CIP_Replacement,1.115049718014559,6.0,1.115049718014559,2.2839736494237224,110663.569296,153.6994018,6.0,DI,HDPE,0,,False,252752.6762232401
65,P1377,CIP_Replacement,1.1021864850138279,6.0,1.1021864850138279,2.203551505143757,667592.57196,927.2119055,6.0,DI,HDPE,0,,False,1471074.6167652498
65,P925,CIP_Replacement,1.1053506563960478,6.0,1.1053506563960478,1.6759638134027846,7815.9929759999995,10.8555458,6.0,DI,HDPE,0,,False,13099.321393586339
65,P1471,CIP_Replacement,1.105422840637019,6.0,1.105422840637019,1.250171450684088,44655.5694744,62.02162427,6.0,DI,HDPE,0,,False,55827.118070934725
66,P897,CIP_Replacement,1.1168259558852565,6.0,1.1168259558852565,1.1066806538681788,34246.3261824,47.56434192,6.0,DI,HDPE,0,,False,37899.746652121365
66,P1491,CIP_Replacement,1.0972313897174286,6.0,1.0972313897174286,1.789781593155104,37932.9129072,52.68460126,6.0,DI,HDPE,0,,False,67891.62929606222
66,P937,CIP_Replacement,1.115738462512513,6.0,1.115738462512513,3.00022386950484,70959.97365839999,98.55551897,6.0,DI,HDPE,0,,False,212895.80674936637
67,P923,CIP_Replacement,1.0922305077671497,6.0,1.0922305077671497,1.8593829376592412,25085.543112,34.8410321,6.0,DI,HDPE,0,,False,46643.630844368105
67,P1415,CIP_Replacement,1.1116620009234426,6.0,1.1116620009234426,1.5321060944299818,259510.52592,360.431286,6.0,DI,HDPE,0,,False,397597.6583307617
67,P1337,CIP_Replacement,1.1050916058467872,6.0,1.1050916058467872,1.5030276238284228,662423.987376,920.0333158,6.0,DI,HDPE,0,,False,995641.5517126985
67,P1405,CIP_Replacement,1.101216152453639,6.0,1.101216152453639,1.6924339504997759,7967.6822664,11.06622537,6.0,DI,HDPE,0,,False,13484.77597445036
67,P1347,CIP_Replacement,1.106459135657647,6.0,1.106459135657647,3.216065029780929,981658.404,1363.41445,6.0,DI,HDPE,0,,False,3157077.264294959
68,P1513,CIP_Replacement,1.1120994556293997,6.0,1.1120994556293997,4.281386124691102,434189.567448,603.0410659,6.0,DI,HDPE,0,,False,1858933.1895574988
68,P1547,Break_Event,1.703811726257869,1.4038117262578689,1.703811726257869,0.0,5000.0,295.0592761,2.0,HDPE,,1,,False,
68,P1363,CIP_Replacement,1.1028239684262628,6.0,1.1028239684262628,1.6407767811724217,102960.071136,143.0000988,6.0,DI,HDPE,0,,False,168934.49410780965
69,P1121,CIP_Replacement,1.1042250013059416,6.0,1.1042250013059416,1.915003638532705,700924.533312,730.1297222,8.0,PVC,HDPE,0,,False,1342273.0316293181
69,P905,CIP_Replacement,1.1047998721930572,6.0,1.1047998721930572,1.5857767710366901,36388.2134952,50.53918541,6.0,DI,HDPE,0,,False,57703.583700211966
71,P907,CIP_Replacement,1.1122128100222908,6.0,1.1122128100222908,1.4373666975753154,93725.8326,130.1747675,6.0,DI,HDPE,0,,False,134718.39048175883
71,P1273,CIP_Replacement,1.1144393299446713,6.0,1.1144393299446713,2.6586621615233152,102208.7778,425.8699075,2.0,PVC,HDPE,0,,False,271738.6101124042
71,P1441,CIP_Replacement,1.1016259510197783,6.0,1.1016259510197783,2.3743473803932753,212898.59467199998,295.6924926,6.0,DI,HDPE,0,,False,505495.22054887284
71,P1175,Break_Event,2.589494347607778,2.289494347607778,2.589494347607778,0.0,5000.0,96.20202822,10.0,HDPE,,1,,False,
71,P997,CIP_Replacement,1.1161055234133503,6.0,1.1161055234133503,2.2194039201786877,138577.43915999998,192.4686655,6.0,PVC,HDPE,0,,False,307559.31172002753
71,P1365,CIP_Replacement,1.1058308738242906,6.0,1.1058308738242906,1.525265275513519,74700.9684,103.751345,6.0,DI,HDPE,0,,False,113938.79314775267
72,P1431,CIP_Replacement,1.1126229123589984,6.0,1.1126229123589984,1.5551963093269723,62907.405537599996,87.37139658,6.0,DI,HDPE,0,,False,97833.36492141066
72,P909,CIP_Replacement,1.1005293707949853,6.0,1.1005293707949853,1.584131416851522,26379.0247248,36.63753434,6.0,DI,HDPE,0,,False,41787.841812458755
73,P895,CIP_Replacement,1.1004213525645035,6.0,1.1004213525645035,1.1684954455922008,43204.898736,60.0068038,6.0,DI,HDPE,0,,False,50484.72740028823
73,P1355,CIP_Replacement,1.1138393328629665,6.0,1.1138393328629665,0.8719055425194825,967346.0424,1343.53617,6.0,DI,HDPE,0,,False,843434.3759028463
74,P1291,CIP_Replacement,1.1163114670442784,6.0,1.1163114670442784,6.633807947678411,6263.623942200001,34.79791079,1.5,HDPE,HDPE,0,,False,41551.678289035146
74,P1407,CIP_Replacement,1.1046359730252815,6.0,1.1046359730252815,1.4795059696918453,6613.50590064,9.185424862,6.0,DI,HDPE,0,,False,9784.721460589124
75,P1091,Break_Event,2.352481575362382,2.052481575362382,2.352481575362382,0.0,5000.0,281.8074916,6.0,HDPE,,1,,False,
75,P1543,CIP_Replacement,1.1143183588642558,6.0,1.1143183588642558,4.563714550705305,104136.567576,433.9023649,2.0,HDPE,HDPE,0,,False,475249.5687070975
75,P977,CIP_Replacement,1.1158511551877566,6.0,1.1158511551877566,4.918449732759501,17059.7170536,71.08215439,2.0,HDPE,HDPE,0,,False,83907.36078323163
75,P939,CIP_Replacement,1.0967720251863438,6.0,1.0967720251863438,3.1593153486451175,56388.239892,78.31699985,6.0,DI,HDPE,0,,False,178148.2317738785
76,P903,CIP_Replacement,1.1058720888264533,6.0,1.1058720888264533,1.2699844306557817,29089.171929599997,40.40162768,6.0,DI,HDPE,0,,False,36942.7954512612
76,P1335,Break_Event,1.1171030479405952,1.05,1.1171030479405952,0.0,5000.0,246.0534467,6.0,DI,,1,,False,
76,P1385,CIP_Replacement,1.1074756286261722,6.0,1.1074756286261722,2.803013522394515,124506.03492,172.9250485,6.0,DI,HDPE,0,,False,348992.0995004837
76,P1115,CIP_Replacement,1.0998820360538044,6.0,1.0998820360538044,2.7208344991874003,582071.462304,606.3244399,8.0,PVC,HDPE,0,,False,1583720.1156291817
77,P1335,CIP_Replacement,1.05,6.0,1.05,2.8775660444154605,177158.481624,246.0534467,6.0,DI,HDPE,0,,False,509785.23120142275
77,P809,CIP_Replacement,1.1077898447695156,6.0,1.1077898447695156,1.0288687136928825,9305.4373056,12.92421848,6.0,DI,HDPE,0,,False,9574.073310962434
77,P915,CIP_Replacement,1.116606938628673,6.0,1.116606938628673,0.948348747455743,44559.8935416,61.88874103,6.0,DI,HDPE,0,,False,42258.319226937616
77,P1343,Break_Event,3.040774269056517,2.740774269056517,3.040774269056517,0.0,5000.0,1378.99118,6.0,HDPE,,1,,False,
78,P1461,CIP_Replacement,1.109978903915557,6.0,1.109978903915557,1.9891745514569668,138760.259904,192.7225832,6.0,DI,HDPE,0,,False,276018.37775459135
78,P1387,CIP_Replacement,1.098795384525954,6.0,1.098795384525954,2.9732983136381903,16498.2259008,22.91420264,6.0,DI,HDPE,0,,False,49054.147248870555
78,P1425,CIP_Replacement,1.103294731109575,6.0,1.103294731109575,2.8421978776055616,28678.1049936,39.83070138,6.0,DI,HDPE,0,,False,81508.84914655938
78,P1469,CIP_Replacement,1.1012251565351283,6.0,1.1012251565351283,1.0836620847327911,159228.085464,221.1501187,6.0,DI,HDPE,0,,False,172549.4390419293
79,P1401,CIP_Replacement,1.116837421365079,6.0,1.116837421365079,2.4763254738214444,24551.173029600002,34.09885143,6.0,DI,HDPE,0,,False,60796.69518539649
81,P927,CIP_Replacement,1.1115502337497374,6.0,1.1115502337497374,1.2652717750201903,19835.833356,27.54976855,6.0,DI,HDPE,0,,False,25097.720079350816
81,P1547,CIP_Replacement,1.1166150456057966,6.0,1.1166150456057966,3.6026363754276898,70814.226264,295.0592761,2.0,HDPE,HDPE,0,,False,255117.90743645327
81,P917,CIP_Replacement,1.1087636216815053,6.0,1.1087636216815053,1.2981435078661674,48625.5873096,67.53553793,6.0,DI,HDPE,0,,False,63122.99048213674
81,P1237,CIP_Replacement,1.0993041489421658,6.0,1.0993041489421658,5.4916952767647365,100968.43471199999,140.2339371,6.0,HDPE,HDPE,0,,False,554487.876010219
82,P1021,CIP_Replacement,1.1088915494977007,6.0,1.1088915494977007,3.1510380348177445,15505.771953599999,21.53579438,6.0,HDPE,HDPE,0,,False,48859.27718500384
82,P1157,CIP_Replacement,1.1019647590072081,6.0,1.1019647590072081,3.3668451055017425,149022.75672,206.976051,6.0,HDPE,HDPE,0,,False,501736.5390711089
83,P1487,CIP_Replacement,1.0943564977227616,6.0,1.0943564977227616,4.519078580931373,454217.334336,630.8574088,6.0,HDPE,HDPE,0,,False,2052643.8266855618
83,P957,CIP_Replacement,1.1137145812690659,6.0,1.1137145812690659,0.9021640436472337,31215.1235616,43.35433828,6.0,DI,HDPE,0,,False,28161.162095281095
83,P1099,CIP_Replacement,1.1030247153754682,6.0,1.1030247153754682,3.2418901662039836,342537.639408,475.7467214,6.0,HDPE,HDPE,0,,False,1110469.4047515213
83,P1553,CIP_Replacement,1.1153920582339822,6.0,1.1153920582339822,4.115159598759814,35508.157415999995,147.9506559,2.0,HDPE,HDPE,0,,False,146121.73482472685
84,P1253,CIP_Replacement,1.1007438848455777,6.0,1.1007438848455777,1.08310506682018,31141.53432,43.252131,6.0,PVC,HDPE,0,,False,33729.55361054653
84,P1393,CIP_Replacement,1.110503908694659,6.0,1.110503908694659,2.4624970275548135,27271.0588824,37.87647067,6.0,DI,HDPE,0,,False,67154.90143618229
85,P1411,CIP_Replacement,1.1121713428305773,6.0,1.1121713428305773,1.1982546422044817,405825.55840800004,563.6466089,6.0,DI,HDPE,0,,False,486282.35928761214
85,P1225,CIP_Replacement,1.0995325544900023,6.0,1.0995325544900023,2.4838135110642945,224926.08998400002,234.2980104,8.0,HDPE,HDPE,0,,False,558674.4612931225
85,P1399,CIP_Replacement,1.107110402344131,6.0,1.107110402344131,1.873984825763044,17706.8236752,24.59281066,6.0,DI,HDPE,0,,False,33182.31887978662
85,P1289,CIP_Replacement,1.0961072162500203,6.0,1.0961072162500203,3.2569478741354185,15291.8692272,42.47741452,3.0,HDPE,HDPE,0,,False,49804.820971085865
85,P1351,CIP_Replacement,1.0993456912856787,6.0,1.0993456912856787,1.355120591815562,21273.367248000002,29.5463434,6.0,DI,HDPE,0,,False,28827.97801501956
85,P1535,Break_Event,3.285465185221087,2.9854651852210874,3.285465185221087,0.0,5000.0,5347.609294,6.0,HDPE,,1,,False,
85,P2337,CIP_Replacement,1.0986154123489358,6.0,1.0986154123489358,4.1529443173118334,72000.0,100.0,6.0,PVC,HDPE,0,,False,299011.990846452
85,P1259,Break_Event,2.874193303518244,2.574193303518244,2.874193303518244,0.0,5000.0,967.531738,6.0,HDPE,,1,,False,
86,P1439,CIP_Replacement,1.1098041954906381,6.0,1.1098041954906381,1.117685639709916,234124.71012,325.1732085,6.0,DI,HDPE,0,,False,261677.82640237085
87,P1083,CIP_Replacement,1.0992851977331255,6.0,1.0992851977331255,2.4900472179002704,192851.724192,200.8872127,8.0,HDPE,HDPE,0,,False,480209.8992915599
88,P1037,CIP_Replacement,1.1068903302951145,6.0,1.1068903302951145,3.0415415431621176,343172.914704,476.6290482,6.0,HDPE,HDPE,0,,False,1043774.6765602459
88,P1201,CIP_Replacement,1.115647836317246,6.0,1.115647836317246,3.2459419349888816,575302.7997120001,599.2737497,8.0,HDPE,HDPE,0,,False,1867399.4829016905
88,P1507,CIP_Replacement,1.115885755658495,6.0,1.115885755658495,3.357983682609056,29932.636211999998,41.57310585,6.0,DI,HDPE,0,,False,100513.30397736894
89,P1493,CIP_Replacement,1.1035380322463877,6.0,1.1035380322463877,1.2405019991603348,758405.4127199999,1053.340851,6.0,DI,HDPE,0,,False,940803.4306531786
89,P1171,CIP_Replacement,1.1019631583255924,6.0,1.1019631583255924,2.992798543438133,482045.04352799995,669.5070049,6.0,HDPE,HDPE,0,,False,1442663.7041421696
89,P1057,CIP_Replacement,1.097003073203881,6.0,1.097003073203881,3.3104653465485505,21307.704407999998,29.5940339,6.0,HDPE,HDPE,0,,False,70538.41705718379
89,P1381,CIP_Replacement,1.1050103784781091,6.0,1.1050103784781091,2.445768838600211,139847.303016,194.2323653,6.0,DI,HDPE,0,,False,342034.17587881413
90,P981,CIP_Replacement,1.0965929135022106,6.0,1.0965929135022106,4.626433046334973,6987.5310911999995,29.11471288,2.0,HDPE,HDPE,0,,False,32327.344752620753
90,P1295,CIP_Replacement,1.1060471985589568,6.0,1.1060471985589568,5.614692308129578,16409.0429586,91.16134977,1.5,HDPE,HDPE,0,,False,92131.72728341923
90,P1011,CIP_Replacement,1.0967156687721118,6.0,1.0967156687721118,3.2778042531509084,9787.1253048,13.59322959,6.0,HDPE,HDPE,0,,False,32080.28095019432
90,P1025,CIP_Replacement,1.1095887197883174,6.0,1.1095887197883174,2.8177445525626044,112954.414536,156.8811313,6.0,HDPE,HDPE,0,,False,318276.6862467122
90,P1459,CIP_Replacement,1.1124635416275024,6.0,1.1124635416275024,1.6815917849651651,20654.7498864,28.68715262,6.0,DI,HDPE,0,,False,34732.85772948042
91,P1165,CIP_Replacement,1.1092328580130977,6.0,1.1092328580130977,2.6607061254350945,398546.83936800004,553.5372769,6.0,HDPE,HDPE,0,,False,1060416.0167792344
92,P1541,CIP_Replacement,1.105385620783239,6.0,1.105385620783239,3.1264549729290954,141892.41398399998,197.0727972,6.0,HDPE,HDPE,0,,False,443620.24332119065
92,P1103,CIP_Replacement,1.1068219606537681,6.0,1.1068219606537681,4.180234228643367,16152.57468,22.4341315,6.0,HDPE,HDPE,0,,False,67521.54555805417
92,P1071,CIP_Replacement,1.1136332655856422,6.0,1.1136332655856422,2.977116775234092,21234.0801672,29.49177801,6.0,HDPE,HDPE,0,,False,63216.33627243666
93,P1195,CIP_Replacement,1.099111547287959,6.0,1.099111547287959,3.3407705456380046,29338.310832,30.56074045,8.0,HDPE,HDPE,0,,False,98012.56468631802
93,P1551,CIP_Replacement,1.1089246730270614,6.0,1.1089246730270614,4.306427468814242,4442.918740800001,18.51216142,2.0,HDPE,HDPE,0,,False,19133.107307090704
93,P1211,CIP_Replacement,1.1146078235307244,6.0,1.1146078235307244,2.693318423566828,205759.205424,285.7766742,6.0,HDPE,HDPE,0,,False,554175.0587869309
93,P1133,CIP_Replacement,1.0980224257304183,6.0,1.0980224257304183,3.2995996338867855,379857.045792,395.6844227,8.0,HDPE,HDPE,0,,False,1253376.1692245991
93,P1205,CIP_Replacement,1.1145678533816432,6.0,1.1145678533816432,1.3996188459367473,24145.785410400003,33.53581307,6.0,HDPE,HDPE,0,,False,33794.8963103404
94,P1231,CIP_Replacement,1.1096597150862821,6.0,1.1096597150862821,1.3905704682308524,576574.090848,800.7973484,6.0,HDPE,HDPE,0,,False,801766.9034802814
94,P1287,CIP_Replacement,1.1017756642719796,6.0,1.1017756642719796,2.7288388388713303,122917.999824,341.4388884,3.0,HDPE,HDPE,0,,False,335423.41191611055
94,P1421,CIP_Replacement,1.1002003555640767,6.0,1.1002003555640767,1.2134113078222917,760251.98808,1055.905539,6.0,DI,HDPE,0,,False,922498.3591306502
95,P1029,CIP_Replacement,1.109742511605638,6.0,1.109742511605638,2.587368367732052,379368.14796,526.9002055,6.0,HDPE,HDPE,0,,False,981565.1457567968
95,P1257,CIP_Replacement,1.1070067363987302,6.0,1.1070067363987302,1.60006357873078,859483.7762399999,1193.727467,6.0,PVC,HDPE,0,,False,1375228.6868716192
95,P1161,CIP_Replacement,1.100815804519814,6.0,1.100815804519814,5.57264682601332,33425.058906,185.6947717,1.5,HDPE,HDPE,0,,False,186266.04842182912
95,P1217,CIP_Replacement,1.1024474908486104,6.0,1.1024474908486104,2.8721658268527652,31188.3635952,43.31717166,6.0,HDPE,HDPE,0,,False,89578.1521135923
95,P1169,CIP_Replacement,1.1000991001531695,6.0,1.1000991001531695,2.8716881903901763,23080.021401600003,32.05558528,6.0,HDPE,HDPE,0,,False,66278.62489292726
95,P1017,CIP_Replacement,1.1063955124661013,6.0,1.1063955124661013,2.9030105078037844,206736.23894399998,287.1336652,6.0,HDPE,HDPE,0,,False,600157.4739982659
95,P1301,Break_Event,2.6632475322367624,2.3632475322367625,2.6632475322367624,0.0,5000.0,953.2464122,6.0,HDPE,,1,,False,
96,P913,CIP_Replacement,1.111523507415727,6.0,1.111523507415727,1.0657509488288937,466.87468536,0.648437063,6.0,DI,HDPE,0,,False,497.5721389066112
96,P1227,CIP_Replacement,1.1147243070372161,6.0,1.1147243070372161,1.9449830524594125,27675.277104,28.82841365,8.0,HDPE,HDPE,0,,False,53827.94493939801
96,P1275,CIP_Replacement,1.110549177918752,6.0,1.110549177918752,7.617438903227477,8207.1182616,34.19632609,2.0,HDPE,HDPE,0,,False,62517.221929300504
96,P_INTERCONNECTION,Break_Event,2.2921172582670617,1.9921172582670617,2.2921172582670617,0.0,5000.0,579.0,6.0,HDPE,,1,,False,
96,P1297,CIP_Replacement,1.1089738680985495,6.0,1.1089738680985495,4.8234457388648515,306370.50624,1702.058368,1.5,HDPE,HDPE,0,,False,1477761.5128371955
97,P1155,CIP_Replacement,1.1013200567594608,6.0,1.1013200567594608,2.7723525320058746,454352.170536,631.0446813,6.0,HDPE,HDPE,0,,False,1259624.3904078444
97,P943,CIP_Replacement,1.098279440156331,6.0,1.098279440156331,4.124125483131975,32415.8003568,45.02194494,6.0,HDPE,HDPE,0,,False,133686.82830759743
97,P1219,CIP_Replacement,1.104711691340956,6.0,1.104711691340956,2.9136442273457743,219209.603256,304.4577823,6.0,HDPE,HDPE,0,,False,638698.7951056019
97,P1497,CIP_Replacement,1.1045729281072416,6.0,1.1045729281072416,1.12572811659286,18504.7363152,25.70102266,6.0,DI,HDPE,0,,False,20831.301960157598
98,P1245,CIP_Replacement,1.1004354301729409,6.0,1.1004354301729409,1.482723064627627,188479.85673600002,261.7775788,6.0,HDPE,HDPE,0,,False,279463.43080017803
98,P1015,CIP_Replacement,1.09751725988226,6.0,1.09751725988226,2.8812745644833284,78177.551328,108.5799324,6.0,HDPE,HDPE,0,,False,225250.99015495626
98,P1177,CIP_Replacement,1.0953662636698394,6.0,1.0953662636698394,1.897405560941916,361784.62883999996,301.4871907,10.0,HDPE,HDPE,0,,False,686452.166624323
99,P1061,CIP_Replacement,1.1148024543952206,6.0,1.1148024543952206,2.6555183772368136,381904.411896,530.4227943,6.0,HDPE,HDPE,0,,False,1014154.1841376455
99,P1031,CIP_Replacement,1.1017941032186283,6.0,1.1017941032186283,2.759344668642402,371655.581184,516.1883072,6.0,HDPE,HDPE,0,,False,1025525.8465112639
99,P1241,CIP_Replacement,1.0990980226920606,6.0,1.0990980226920606,2.834982883357369,236809.54202400002,328.9021417,6.0,HDPE,HDPE,0,,False,671350.9982537377
99,P1209,CIP_Replacement,1.1153397361050543,6.0,1.1153397361050543,1.176297954077076,233780.463864,324.6950887,6.0,HDPE,HDPE,0,,False,274995.48134641297
99,P1191,Break_Event,1.4203273909880427,1.1203273909880427,1.4203273909880427,0.0,5000.0,285.3592397,10.0,HDPE,,1,,False,
100,P1239,CIP_Replacement,1.0988533823902489,6.0,1.0988533823902489,3.9251121442838643,193450.290912,268.6809596,6.0,HDPE,HDPE,0,,False,759314.0861739377
100,P1075,CIP_Replacement,1.0966183253852357,6.0,1.0966183253852357,4.313395836101986,57917.269691999994,80.44065235,6.0,HDPE,HDPE,0,,False,249820.1099278685
100,P1249,CIP_Replacement,1.1052079185323238,6.0,1.1052079185323238,1.304907260609751,373853.852568,519.2414619,6.0,HDPE,HDPE,0,,False,487844.60662291053
100,P1093,CIP_Replacement,1.0959450847146874,6.0,1.0959450847146874,3.032197024119147,181489.268664,252.0684287,6.0,HDPE,HDPE,0,,False,550311.2203525412
100,P1307,Break_Event,2.5508750739577857,2.250875073957786,2.5508750739577857,0.0,5000.0,422.5950389,2.0,HDPE,,1,,False,
