Year,Budget,CIP_Count,CIP_Spend,Budget_Utilization,Emergency_Count,Emergency_Cost,Break_Events,Breaks,Repair_Cost,Backlog_CIP,Backlog_Emergency,Backlog_Remaining,Eligible,Deferred,Unfundable,Unfundable_Length,Emergency_degradation,Emergency_break_failure,Emergency_break_damage
1,1930001.7713426484,0,0.0,0.0,1,784405.6564999999,6,6,30000.0,0,1,127,0,0,0,0.0,0,1,0
2,1930001.7713426484,3,518085.9864,0.26843808855138096,0,0.0,1,1,5000.0,3,0,124,3,0,0,0.0,0,0,0
3,1930001.7713426484,0,0.0,0.0,1,1004436.0634999999,5,5,25000.0,0,1,123,0,0,0,0.0,0,1,0
4,1930001.7713426484,6,847275.3942660001,0.4390023920426634,1,1426796.1985,1,1,5000.0,6,0,117,6,0,0,0.0,0,1,0
5,1930001.7713426484,7,1233292.0660056002,0.6390108466831267,0,0.0,3,3,15000.0,7,0,110,7,0,0,0.0,0,0,0
6,1930001.7713426484,13,1708858.7008530002,0.8854182033543911,0,0.0,1,1,5000.0,13,0,97,13,0,0,0.0,0,0,0
7,1930001.7713426484,9,1902280.3003584,0.9856365567141613,0,0.0,1,1,5000.0,9,0,88,10,1,0,0.0,0,0,0
8,1930001.7713426484,9,638892.589353,0.3310321258972422,0,0.0,2,2,10000.0,9,0,79,9,0,0,0.0,0,0,0
9,1930001.7713426484,5,1633724.0938128,0.8464883908765864,0,0.0,5,5,25000.0,5,0,74,7,2,0,0.0,0,0,0
10,1930001.7713426484,7,1861043.8482696,0.9642705389720568,0,0.0,1,1,5000.0,7,0,67,13,6,0,0.0,0,0,0
11,1930001.7713426484,10,1928737.772928,0.9993450791427154,0,0.0,1,1,5000.0,10,0,57,15,5,0,0.0,0,0,0
12,1930001.7713426484,13,1926609.2112576002,0.9982421984604252,1,2652113.9715,1,1,5000.0,13,1,43,19,6,0,0.0,0,1,0
13,1930001.7713426484,9,1797011.1991319999,0.9310930310089142,0,0.0,2,2,10000.0,9,0,34,10,1,0,0.0,0,0,0
14,1930001.7713426484,12,1686445.9902072002,0.8738054105691243,0,0.0,0,0,0.0,12,0,22,14,2,0,0.0,0,0,0
15,1930001.7713426484,5,1865829.04788,0.966749914732977,0,0.0,2,2,10000.0,4,0,18,5,0,0,0.0,0,0,0
16,1930001.7713426484,6,581920.6867104,0.3015130324494853,0,0.0,1,1,5000.0,4,0,14,6,0,0,0.0,0,0,0
17,1930001.7713426484,4,353799.36186192,0.18331556328872778,0,0.0,0,0,0.0,2,0,12,4,0,0,0.0,0,0,0
18,1930001.7713426484,5,1328431.1817551998,0.6883056800673542,0,0.0,0,0,0.0,2,0,10,5,0,0,0.0,0,0,0
19,1930001.7713426484,2,80002.50390000001,0.04145203651515019,1,3539048.7839999995,2,2,10000.0,0,0,10,2,0,0,0.0,0,1,0
20,1930001.7713426484,4,844320.7227744,0.4374714755764341,1,817485.8535,2,2,10000.0,3,0,7,4,0,0,0.0,0,1,0
21,1930001.7713426484,3,195694.981128,0.10139627021785605,0,0.0,2,2,10000.0,2,0,5,3,0,0,0.0,0,0,0
22,1930001.7713426484,5,887709.6397944001,0.45995275909868477,0,0.0,0,0,0.0,2,0,3,5,0,0,0.0,0,0,0
23,1930001.7713426484,7,639045.9697607999,0.33111159753818953,0,0.0,2,2,10000.0,1,0,2,7,0,0,0.0,0,0,0
24,1930001.7713426484,4,432875.2922148,0.22428751032371372,0,0.0,2,2,10000.0,1,0,1,4,0,0,0.0,0,0,0
25,1930001.7713426484,3,309344.7540168,0.1602821088612771,0,0.0,1,1,5000.0,0,0,1,3,0,0,0.0,0,0,0
26,1930001.7713426484,1,41009.6430072,0.021248500191101242,0,0.0,1,1,5000.0,0,0,1,1,0,0,0.0,0,0,0
27,1930001.7713426484,4,77709.08710368001,0.040263738747566,0,0.0,0,0,0.0,0,0,1,4,0,0,0.0,0,0,0
28,1930001.7713426484,7,722038.58568,0.37411291347038395,0,0.0,1,1,5000.0,1,0,0,7,0,0,0.0,0,0,0
29,1930001.7713426484,3,1708862.0812271999,0.8854199548420063,0,0.0,1,1,5000.0,0,0,0,6,2,1,4148.842081,0,0,0
30,1930001.7713426484,9,1766063.1840717602,0.9150578047620958,1,20744210.404999997,0,0,0.0,0,0,0,10,0,1,4148.842081,1,0,0
31,1930001.7713426484,11,1145473.02018,0.5935087921619504,0,0.0,0,0,0.0,0,0,0,11,0,0,0.0,0,0,0
32,1930001.7713426484,3,434323.62455904,0.22503794090141854,0,0.0,0,0,0.0,0,0,0,3,0,0,0.0,0,0,0
33,1930001.7713426484,7,837209.3843232,0.43378684763629866,0,0.0,0,0,0.0,0,0,0,7,0,0,0.0,0,0,0
34,1930001.7713426484,5,1160707.2899808,0.6014021889593024,0,0.0,1,1,5000.0,0,0,0,5,0,0,0.0,0,0,0
35,1930001.7713426484,9,1676530.4644692002,0.8686678371817683,0,0.0,0,0,0.0,0,0,0,11,2,0,0.0,0,0,0
36,1930001.7713426484,5,1762010.0219663999,0.912957722697124,0,0.0,0,0,0.0,0,0,0,5,0,0,0.0,0,0,0
37,1930001.7713426484,6,628599.7161,0.3256990358421799,0,0.0,2,2,10000.0,0,0,0,7,1,0,0.0,0,0,0
38,1930001.7713426484,11,1372447.7200223997,0.7111121556472075,0,0.0,0,0,0.0,0,0,0,12,1,0,0.0,0,0,0
39,1930001.7713426484,2,1720464.2979912,0.8914314606013656,0,0.0,0,0,0.0,0,0,0,2,0,0,0.0,0,0,0
40,1930001.7713426484,6,701013.9773664001,0.3632193440313395,0,0.0,1,1,5000.0,0,0,0,6,0,0,0.0,0,0,0
41,1930001.7713426484,7,939795.6554135999,0.48694030718936093,0,0.0,0,0,0.0,0,0,0,7,0,0,0.0,0,0,0
42,1930001.7713426484,8,1869121.8570024,0.9684560318833823,0,0.0,0,0,0.0,0,0,0,9,1,0,0.0,0,0,0
43,1930001.7713426484,5,293929.6255848,0.15229500301459378,0,0.0,1,1,5000.0,0,0,0,6,1,0,0.0,0,0,0
44,1930001.7713426484,5,1094852.9214432,0.5672807858002852,0,0.0,4,4,20000.0,0,0,0,6,1,0,0.0,0,0,0
45,1930001.7713426484,4,977371.5730449599,0.5064096766942497,0,0.0,0,0,0.0,0,0,0,5,1,0,0.0,0,0,0
46,1930001.7713426484,1,1834881.5232,0.9507149425689512,0,0.0,1,1,5000.0,0,0,0,4,3,0,0.0,0,0,0
47,1930001.7713426484,5,1877598.3167496002,0.972847975908026,0,0.0,0,0,0.0,0,0,0,10,5,0,0.0,0,0,0
48,1930001.7713426484,7,1862417.6726471998,0.964982364421131,0,0.0,0,0,0.0,0,0,0,8,1,0,0.0,0,0,0
49,1930001.7713426484,6,837473.179068,0.4339235287257759,0,0.0,2,2,10000.0,0,0,0,6,0,0,0.0,0,0,0
50,1930001.7713426484,4,1616771.4115248,0.8377046257320567,0,0.0,0,0,0.0,0,0,0,6,2,0,0.0,0,0,0
51,1930001.7713426484,4,1485658.9933344,0.7697707926458889,0,0.0,1,1,5000.0,0,0,0,4,0,0,0.0,0,0,0
52,1930001.7713426484,2,33053.2253784,0.017126007793975127,0,0.0,0,0,0.0,0,0,0,2,0,0,0.0,0,0,0
53,1930001.7713426484,3,332188.9348248,0.172118461110896,0,0.0,2,2,10000.0,0,0,0,3,0,0,0.0,0,0,0
54,1930001.7713426484,1,655816.7963520001,0.3398011370195617,0,0.0,1,1,5000.0,0,0,0,1,0,0,0.0,0,0,0
55,1930001.7713426484,1,16498.2259008,0.008548295729968498,0,0.0,0,0,0.0,0,0,0,1,0,0,0.0,0,0,0
56,1930001.7713426484,1,48625.5873096,0.025194581700188044,0,0.0,0,0,0.0,0,0,0,1,0,0,0.0,0,0,0
57,1930001.7713426484,4,1039455.120576,0.5385772883787977,0,0.0,0,0,0.0,0,0,0,4,0,0,0.0,0,0,0
58,1930001.7713426484,4,1053315.4060511999,0.5457587768525403,0,0.0,1,1,5000.0,0,0,0,4,0,0,0.0,0,0,0
59,1930001.7713426484,4,931137.7436232001,0.4824543466483109,0,0.0,0,0,0.0,0,0,0,4,0,0,0.0,0,0,0
60,1930001.7713426484,1,22793.9484384,0.011810325138998648,0,0.0,0,0,0.0,0,0,0,1,0,0,0.0,0,0,0
61,1930001.7713426484,2,783391.1581007999,0.4059017819221049,0,0.0,1,1,5000.0,0,0,0,2,0,0,0.0,0,0,0
62,1930001.7713426484,4,1409008.44516,0.7300555191614109,0,0.0,0,0,0.0,0,0,0,4,0,0,0.0,0,0,0
63,1930001.7713426484,4,1775076.392124,0.9197278564615663,0,0.0,0,0,0.0,0,0,0,4,0,0,0.0,0,0,0
64,1930001.7713426484,6,1851081.5333712003,0.959108722518661,0,0.0,0,0,0.0,0,0,0,7,1,0,0.0,0,0,0
65,1930001.7713426484,3,1629588.613104,0.844345656724626,0,0.0,0,0,0.0,0,0,0,3,0,0,0.0,0,0,0
66,1930001.7713426484,3,44009.870063760005,0.022803020555335327,0,0.0,0,0,0.0,0,0,0,3,0,0,0.0,0,0,0
67,1930001.7713426484,4,818104.4496888,0.42388792685908655,0,0.0,0,0,0.0,0,0,0,4,0,0,0.0,0,0,0
68,1930001.7713426484,1,124506.03492,0.06451083971461054,0,0.0,0,0,0.0,0,0,0,2,0,1,5347.609294,0,0,0
69,1930001.7713426484,1,65008.0493928,0.033682896232564444,0,0.0,1,1,5000.0,0,0,0,2,0,1,5347.609294,0,0,0
70,1930001.7713426484,2,53640.344959199996,0.027792899341166875,0,0.0,1,1,5000.0,0,0,0,4,0,2,7121.093076,0,0,0
71,1930001.7713426484,2,479813.19948,0.24860764720760195,0,0.0,1,1,5000.0,0,0,0,4,0,2,7121.093076,0,0,0
72,1930001.7713426484,3,354873.3273,0.18387202155422092,0,0.0,1,1,5000.0,0,0,0,5,0,2,7121.093076,0,0,0
73,1930001.7713426484,3,515700.2342808,0.2672019486914987,0,0.0,0,0,0.0,0,0,0,5,0,2,7121.093076,0,0,0
74,1930001.7713426484,0,0.0,0.0,0,0.0,0,0,0.0,0,0,0,2,0,2,7121.093076,0,0,0
75,1930001.7713426484,3,465702.959424,0.2412966487072307,1,26738046.47,1,1,5000.0,0,0,0,5,0,2,7121.093076,1,0,0
76,1930001.7713426484,3,1063714.686624,0.5511470001833229,1,8867418.91,0,0,0.0,0,0,0,4,0,1,1773.483782,1,0,0
77,1930001.7713426484,0,0.0,0.0,0,0.0,0,0,0.0,0,0,0,0,0,0,0.0,0,0,0
78,1930001.7713426484,2,204982.2110832,0.10620830204761915,0,0.0,0,0,0.0,0,0,0,2,0,0,0.0,0,0,0
79,1930001.7713426484,2,146248.103592,0.0757761499308155,0,0.0,1,1,5000.0,0,0,0,2,0,0,0.0,0,0,0
80,1930001.7713426484,1,640599.484176,0.3319165265482388,0,0.0,2,2,10000.0,0,0,0,1,0,0,0.0,0,0,0
81,1930001.7713426484,3,987261.784944,0.5115341341149078,0,0.0,1,1,5000.0,0,0,0,3,0,0,0.0,0,0,0
82,1930001.7713426484,1,454352.170536,0.23541541633918805,0,0.0,0,0,0.0,0,0,0,1,0,0,0.0,0,0,0
83,1930001.7713426484,2,296379.7966656,0.1535645205441531,0,0.0,0,0,0.0,0,0,0,2,0,0,0.0,0,0,0
84,1930001.7713426484,5,181629.00409980002,0.09410820590773125,0,0.0,0,0,0.0,0,0,0,5,0,0,0.0,0,0,0
85,1930001.7713426484,2,61299.335363399994,0.03176128450947263,0,0.0,0,0,0.0,0,0,0,2,0,0,0.0,0,0,0
86,1930001.7713426484,1,19942.7042736,0.01033299791208296,0,0.0,1,1,5000.0,0,0,0,1,0,0,0.0,0,0,0
87,1930001.7713426484,3,1420620.1599311999,0.7360719461635075,0,0.0,0,0,0.0,0,0,0,3,0,0,0.0,0,0,0
88,1930001.7713426484,3,120550.83583920001,0.062461515646867076,0,0.0,2,2,10000.0,0,0,0,3,0,0,0.0,0,0,0
89,1930001.7713426484,3,921093.8777760001,0.477250275856079,0,0.0,0,0,0.0,0,0,0,3,0,0,0.0,0,0,0
90,1930001.7713426484,0,0.0,0.0,0,0.0,1,1,5000.0,0,0,0,0,0,0,0.0,0,0,0
91,1930001.7713426484,5,580078.2326904,0.3005583939370458,0,0.0,0,0,0.0,0,0,0,5,0,0,0.0,0,0,0
92,1930001.7713426484,4,149930.3510052,0.07768404839385076,0,0.0,0,0,0.0,0,0,0,4,0,0,0.0,0,0,0
93,1930001.7713426484,7,427467.415488,0.2214855042286427,0,0.0,0,0,0.0,0,0,0,7,0,0,0.0,0,0,0
94,1930001.7713426484,3,367489.7181192,0.19040900561637705,0,0.0,1,1,5000.0,0,0,0,3,0,0,0.0,0,0,0
95,1930001.7713426484,3,273944.992392,0.1419402802938487,0,0.0,0,0,0.0,0,0,0,3,0,0,0.0,0,0,0
96,1930001.7713426484,6,1375678.42224,0.7127860930837275,0,0.0,0,0,0.0,0,0,0,6,0,0,0.0,0,0,0
97,1930001.7713426484,4,862795.57756464,0.44704393041277735,0,0.0,0,0,0.0,0,0,0,4,0,0,0.0,0,0,0
98,1930001.7713426484,9,1567974.6867455998,0.81242137184921,0,0.0,0,0,0.0,0,0,0,10,1,0,0.0,0,0,0
99,1930001.7713426484,7,1450661.8468704,0.7516375727786069,0,0.0,0,0,0.0,0,0,0,7,0,0,0.0,0,0,0
100,1930001.7713426484,6,321168.18776544,0.16640823471473407,0,0.0,0,0,0.0,0,0,0,6,0,0,0.0,0,0,0
